User Id,Age,Keyword
00831062-d45b-11ee-8482-128e718ba88f,25-34,Total
00ac49e8-d45a-11ee-8482-128e718ba88f,35-45,Total
00fd1031-d466-11ee-8482-128e718ba88f,Above 50,Total
011c0f25-d464-11ee-8482-128e718ba88f,Above 50,Total
01bc1864-d460-11ee-8482-128e718ba88f,Below 25,Total
01d3d123-d463-11ee-8482-128e718ba88f,25-34,Total
01decfc5-d46a-11ee-8482-128e718ba88f,Above 50,Total
02799bc8-d457-11ee-8482-128e718ba88f,25-34,Total
02c48abe-d462-11ee-8482-128e718ba88f,25-34,Total
032991de-df73-11ee-8482-128e718ba88f,25-34,Total
0386bd41-d461-11ee-8482-128e718ba88f,Above 50,Total
03d7b489-d456-11ee-8482-128e718ba88f,25-34,Total
03fef10a-d458-11ee-8482-128e718ba88f,25-34,Total
04101eaa-d45d-11ee-8482-128e718ba88f,35-45,Total
0489a46f-d459-11ee-8482-128e718ba88f,35-45,Total
04b96ecf-d45f-11ee-8482-128e718ba88f,Above 50,Total
04dc85ee-d45e-11ee-8482-128e718ba88f,Above 50,Total
0509a848-d467-11ee-8482-128e718ba88f,25-34,Total
0519f375-d469-11ee-8482-128e718ba88f,Below 25,Total
052c3775-d45b-11ee-8482-128e718ba88f,25-34,Total
0542c06a-d45a-11ee-8482-128e718ba88f,35-45,Total
0568db8d-d468-11ee-8482-128e718ba88f,35-45,Total
0599ce2e-d466-11ee-8482-128e718ba88f,35-45,Total
05afd1b3-d464-11ee-8482-128e718ba88f,46-50,Total
065ca102-d460-11ee-8482-128e718ba88f,35-45,Total
068256a3-d46a-11ee-8482-128e718ba88f,25-34,Total
0683e76d-d463-11ee-8482-128e718ba88f,Below 25,Total
0750a016-d457-11ee-8482-128e718ba88f,25-34,Total
082c1f4e-d461-11ee-8482-128e718ba88f,25-34,Total
08966d9a-d456-11ee-8482-128e718ba88f,25-34,Total
08a0d645-d462-11ee-8482-128e718ba88f,25-34,Total
08cfdab0-d45d-11ee-8482-128e718ba88f,35-45,Total
090e07a2-d458-11ee-8482-128e718ba88f,25-34,Total
094e43c5-d45f-11ee-8482-128e718ba88f,35-45,Total
0998202f-d45e-11ee-8482-128e718ba88f,25-34,Total
099cccb8-d467-11ee-8482-128e718ba88f,25-34,Total
09c9b0c7-d469-11ee-8482-128e718ba88f,35-45,Total
09d0e75e-d45b-11ee-8482-128e718ba88f,25-34,Total
09ff795a-d45a-11ee-8482-128e718ba88f,25-34,Total
0a149721-d468-11ee-8482-128e718ba88f,Above 50,Total
0a4e5aeb-d466-11ee-8482-128e718ba88f,Below 25,Total
0a5bd0ff-d464-11ee-8482-128e718ba88f,35-45,Total
0b0a89a1-d460-11ee-8482-128e718ba88f,25-34,Total
0b1a4b38-d46a-11ee-8482-128e718ba88f,25-34,Total
0b3e7a76-d463-11ee-8482-128e718ba88f,35-45,Total
0c33d64a-d457-11ee-8482-128e718ba88f,25-34,Total
0ca120bb-e02f-11ee-8482-128e718ba88f,NA,Total
0cca150c-d461-11ee-8482-128e718ba88f,Below 25,Total
0d5b8212-d462-11ee-8482-128e718ba88f,35-45,Total
0d68f279-d456-11ee-8482-128e718ba88f,25-34,Total
0dd63a30-d459-11ee-8482-128e718ba88f,25-34,Total
0deea0f5-d458-11ee-8482-128e718ba88f,Below 25,Total
0e077cb4-d45f-11ee-8482-128e718ba88f,35-45,Total
0e31a19d-d45e-11ee-8482-128e718ba88f,46-50,Total
0e63343f-d467-11ee-8482-128e718ba88f,35-45,Total
0e860e7f-d45b-11ee-8482-128e718ba88f,25-34,Total
0e977e23-d45a-11ee-8482-128e718ba88f,25-34,Total
0e99008e-d469-11ee-8482-128e718ba88f,Below 25,Total
0eb26271-d468-11ee-8482-128e718ba88f,NA,Total
0ef35d8b-d466-11ee-8482-128e718ba88f,25-34,Total
0ef573da-d464-11ee-8482-128e718ba88f,25-34,Total
0f9aea5f-d460-11ee-8482-128e718ba88f,25-34,Total
0fd8a893-d463-11ee-8482-128e718ba88f,25-34,Total
112970e4-d457-11ee-8482-128e718ba88f,Above 50,Total
117a4c9d-d461-11ee-8482-128e718ba88f,25-34,Total
11eb3cab-d462-11ee-8482-128e718ba88f,25-34,Total
12199c53-d456-11ee-8482-128e718ba88f,35-45,Total
12bf9750-d459-11ee-8482-128e718ba88f,Below 25,Total
12c7095e-d45e-11ee-8482-128e718ba88f,35-45,Total
12c716fb-d45f-11ee-8482-128e718ba88f,35-45,Total
12cbd8e2-d458-11ee-8482-128e718ba88f,Below 25,Total
132b9dae-d45b-11ee-8482-128e718ba88f,25-34,Total
133544af-d45a-11ee-8482-128e718ba88f,25-34,Total
1363c534-d45d-11ee-8482-128e718ba88f,25-34,Total
137828f9-d468-11ee-8482-128e718ba88f,25-34,Total
138cb2d0-d466-11ee-8482-128e718ba88f,25-34,Total
13e10491-d469-11ee-8482-128e718ba88f,NA,Total
14376204-d460-11ee-8482-128e718ba88f,25-34,Total
147182ee-d46a-11ee-8482-128e718ba88f,25-34,Total
1474a4e8-d463-11ee-8482-128e718ba88f,35-45,Total
14e4d189-d464-11ee-8482-128e718ba88f,Below 25,Total
15d38374-d457-11ee-8482-128e718ba88f,25-34,Total
16167ec2-d461-11ee-8482-128e718ba88f,25-34,Total
16847a11-d462-11ee-8482-128e718ba88f,25-34,Total
16ef95c7-d456-11ee-8482-128e718ba88f,35-45,Total
17606b7b-d45e-11ee-8482-128e718ba88f,Below 25,Total
17769adf-d45f-11ee-8482-128e718ba88f,25-34,Total
17853d08-d458-11ee-8482-128e718ba88f,25-34,Total
17de59ef-d45a-11ee-8482-128e718ba88f,25-34,Total
17edc130-d45b-11ee-8482-128e718ba88f,25-34,Total
17f37041-d45d-11ee-8482-128e718ba88f,25-34,Total
18332403-d466-11ee-8482-128e718ba88f,NA,Total
18bc1d3a-d467-11ee-8482-128e718ba88f,25-34,Total
18d74503-d459-11ee-8482-128e718ba88f,25-34,Total
18d75214-d460-11ee-8482-128e718ba88f,Above 50,Total
190a2e9b-d46a-11ee-8482-128e718ba88f,Below 25,Total
193b87c7-d463-11ee-8482-128e718ba88f,46-50,Total
198d5cbe-d464-11ee-8482-128e718ba88f,Above 50,Total
1ac29c2d-d461-11ee-8482-128e718ba88f,Below 25,Total
1b1b1acd-d462-11ee-8482-128e718ba88f,35-45,Total
1bade5a9-d457-11ee-8482-128e718ba88f,35-45,Total
1c10af0a-d456-11ee-8482-128e718ba88f,Above 50,Total
1c252df3-d45e-11ee-8482-128e718ba88f,25-34,Total
1c264aa8-d458-11ee-8482-128e718ba88f,35-45,Total
1c79b18d-d45a-11ee-8482-128e718ba88f,46-50,Total
1c91774e-d45d-11ee-8482-128e718ba88f,Below 25,Total
1cd6fae1-d466-11ee-8482-128e718ba88f,Below 25,Total
1cdae36e-d468-11ee-8482-128e718ba88f,35-45,Total
1d742cb9-d467-11ee-8482-128e718ba88f,35-45,Total
1d7c39f9-d459-11ee-8482-128e718ba88f,25-34,Total
1d848ec1-d45f-11ee-8482-128e718ba88f,25-34,Total
1dacddb7-d46a-11ee-8482-128e718ba88f,Below 25,Total
1db3b430-d460-11ee-8482-128e718ba88f,25-34,Total
1dc025bc-d45b-11ee-8482-128e718ba88f,25-34,Total
1dd58ec0-d463-11ee-8482-128e718ba88f,25-34,Total
1e37bb68-d464-11ee-8482-128e718ba88f,35-45,Total
1e42bd3a-d469-11ee-8482-128e718ba88f,25-34,Total
1f679d9f-d461-11ee-8482-128e718ba88f,Below 25,Total
1fb171d4-d462-11ee-8482-128e718ba88f,Below 25,Total
20666c83-d457-11ee-8482-128e718ba88f,35-45,Total
20afea74-d456-11ee-8482-128e718ba88f,25-34,Total
20c44075-d45e-11ee-8482-128e718ba88f,35-45,Total
210ef39b-d45a-11ee-8482-128e718ba88f,35-45,Total
212bf65f-d45d-11ee-8482-128e718ba88f,35-45,Total
21756c72-d468-11ee-8482-128e718ba88f,35-45,Total
217aa87c-d466-11ee-8482-128e718ba88f,25-34,Total
22199b69-d467-11ee-8482-128e718ba88f,25-34,Total
223ffc15-d45f-11ee-8482-128e718ba88f,25-34,Total
2275a46d-d460-11ee-8482-128e718ba88f,25-34,Total
22773487-d463-11ee-8482-128e718ba88f,46-50,Total
228fbf8b-d45b-11ee-8482-128e718ba88f,Below 25,Total
229a1e62-d459-11ee-8482-128e718ba88f,35-45,Total
22c59726-d464-11ee-8482-128e718ba88f,25-34,Total
23f77d61-d461-11ee-8482-128e718ba88f,25-34,Total
2445dd5f-d462-11ee-8482-128e718ba88f,25-34,Total
250db2a7-d457-11ee-8482-128e718ba88f,35-45,Total
25579427-d456-11ee-8482-128e718ba88f,25-34,Total
255d84ae-d45e-11ee-8482-128e718ba88f,25-34,Total
25b85f72-d45d-11ee-8482-128e718ba88f,Below 25,Total
260a29cd-d468-11ee-8482-128e718ba88f,35-45,Total
261cbfc7-d466-11ee-8482-128e718ba88f,25-34,Total
26baf3c0-d467-11ee-8482-128e718ba88f,NA,Total
26d68e2e-d46a-11ee-8482-128e718ba88f,25-34,Total
26ed3bd4-d45f-11ee-8482-128e718ba88f,35-45,Total
2719fc13-d460-11ee-8482-128e718ba88f,25-34,Total
271c4ff8-d45b-11ee-8482-128e718ba88f,35-45,Total
27246dd2-d463-11ee-8482-128e718ba88f,35-45,Total
274c5993-d459-11ee-8482-128e718ba88f,Below 25,Total
276462ff-d464-11ee-8482-128e718ba88f,35-45,Total
276c5e47-d469-11ee-8482-128e718ba88f,NA,Total
28fa8654-d462-11ee-8482-128e718ba88f,25-34,Total
29c5b4f1-d461-11ee-8482-128e718ba88f,35-45,Total
29fbe2ec-d457-11ee-8482-128e718ba88f,25-34,Total
2a15297f-d45e-11ee-8482-128e718ba88f,Below 25,Total
2a15b4bf-d456-11ee-8482-128e718ba88f,Above 50,Total
2a563156-d45a-11ee-8482-128e718ba88f,25-34,Total
2a56758b-d45d-11ee-8482-128e718ba88f,Above 50,Total
2a99c28c-d458-11ee-8482-128e718ba88f,35-45,Total
2ab3e52d-d6d0-11ee-8482-128e718ba88f,25-34,Total
2ad6986f-d468-11ee-8482-128e718ba88f,25-34,Total
2add1094-d466-11ee-8482-128e718ba88f,25-34,Total
2b6d915a-d46a-11ee-8482-128e718ba88f,25-34,Total
2ba12c9b-d45f-11ee-8482-128e718ba88f,25-34,Total
2baccd20-d45b-11ee-8482-128e718ba88f,25-34,Total
2bc312aa-d463-11ee-8482-128e718ba88f,25-34,Total
2c016237-d459-11ee-8482-128e718ba88f,NA,Total
2c0795c6-d469-11ee-8482-128e718ba88f,25-34,Total
2c487ec5-d464-11ee-8482-128e718ba88f,25-34,Total
2d9686e4-d462-11ee-8482-128e718ba88f,25-34,Total
2e65f44d-d461-11ee-8482-128e718ba88f,25-34,Total
2edbe704-e03a-11ee-8482-128e718ba88f,25-34,Total
2ef09f25-d457-11ee-8482-128e718ba88f,25-34,Total
2ef7ca60-d45d-11ee-8482-128e718ba88f,25-34,Total
2f040507-d45a-11ee-8482-128e718ba88f,Above 50,Total
2f1c08aa-d456-11ee-8482-128e718ba88f,Above 50,Total
2f60e73d-d458-11ee-8482-128e718ba88f,Above 50,Total
2f7149b5-d466-11ee-8482-128e718ba88f,25-34,Total
2f873748-d468-11ee-8482-128e718ba88f,25-34,Total
3001315b-d467-11ee-8482-128e718ba88f,46-50,Total
3034a120-d46a-11ee-8482-128e718ba88f,Above 50,Total
3055b98e-d45b-11ee-8482-128e718ba88f,35-45,Total
3059664f-d463-11ee-8482-128e718ba88f,25-34,Total
3076640d-d45f-11ee-8482-128e718ba88f,Below 25,Total
30a0f60a-d45c-11ee-8482-128e718ba88f,25-34,Total
31327e1c-d464-11ee-8482-128e718ba88f,Below 25,Total
3230b477-d462-11ee-8482-128e718ba88f,Above 50,Total
334651f6-d45e-11ee-8482-128e718ba88f,25-34,Total
338da028-d45a-11ee-8482-128e718ba88f,35-45,Total
33918fa0-d45d-11ee-8482-128e718ba88f,Above 50,Total
33bbebe6-d457-11ee-8482-128e718ba88f,25-34,Total
33eb27bf-d456-11ee-8482-128e718ba88f,35-45,Total
33f72187-d458-11ee-8482-128e718ba88f,35-45,Total
340e336b-d466-11ee-8482-128e718ba88f,25-34,Total
345b6c1e-d468-11ee-8482-128e718ba88f,25-34,Total
34b6c9f3-d467-11ee-8482-128e718ba88f,25-34,Total
34c4b0dd-d46a-11ee-8482-128e718ba88f,25-34,Total
34fe1738-d45b-11ee-8482-128e718ba88f,25-34,Total
350aa422-d460-11ee-8482-128e718ba88f,25-34,Total
351df04a-d45f-11ee-8482-128e718ba88f,Above 50,Total
3537ef51-d469-11ee-8482-128e718ba88f,35-45,Total
35397511-d45c-11ee-8482-128e718ba88f,35-45,Total
35c39a77-d464-11ee-8482-128e718ba88f,25-34,Total
35cf3d03-d459-11ee-8482-128e718ba88f,Below 25,Total
3647bda1-d463-11ee-8482-128e718ba88f,25-34,Total
36d2ca81-d462-11ee-8482-128e718ba88f,25-34,Total
37ac0fe4-d461-11ee-8482-128e718ba88f,25-34,Total
3832ed85-d45d-11ee-8482-128e718ba88f,Above 50,Total
38330606-d45a-11ee-8482-128e718ba88f,NA,Total
38a8a678-d458-11ee-8482-128e718ba88f,Below 25,Total
38b24099-d456-11ee-8482-128e718ba88f,35-45,Total
3903dfc2-d468-11ee-8482-128e718ba88f,35-45,Total
39c80805-d460-11ee-8482-128e718ba88f,Above 50,Total
39cb9060-d45f-11ee-8482-128e718ba88f,35-45,Total
39f9da71-d466-11ee-8482-128e718ba88f,35-45,Total
3a1de90c-d45c-11ee-8482-128e718ba88f,Above 50,Total
3a5e418f-d464-11ee-8482-128e718ba88f,Above 50,Total
3acff440-d463-11ee-8482-128e718ba88f,Above 50,Total
3b7a866a-d462-11ee-8482-128e718ba88f,25-34,Total
3c495c49-d461-11ee-8482-128e718ba88f,25-34,Total
3ce2f6f4-d45d-11ee-8482-128e718ba88f,46-50,Total
3d626237-d457-11ee-8482-128e718ba88f,25-34,Total
3dc8d58f-d45e-11ee-8482-128e718ba88f,Below 25,Total
3df6e4bd-d45a-11ee-8482-128e718ba88f,35-45,Total
3e189285-d46a-11ee-8482-128e718ba88f,Below 25,Total
3e26a81a-d467-11ee-8482-128e718ba88f,35-45,Total
3e3d884c-d45b-11ee-8482-128e718ba88f,25-34,Total
3e70d14a-d460-11ee-8482-128e718ba88f,35-45,Total
3e73348f-d469-11ee-8482-128e718ba88f,35-45,Total
3e8d874c-d458-11ee-8482-128e718ba88f,25-34,Total
3e9357a5-d45f-11ee-8482-128e718ba88f,35-45,Total
3eb9fd6f-d466-11ee-8482-128e718ba88f,Above 50,Total
3ebb5e8c-d45c-11ee-8482-128e718ba88f,35-45,Total
3ec57595-d456-11ee-8482-128e718ba88f,25-34,Total
3ef2757a-d464-11ee-8482-128e718ba88f,25-34,Total
3f5ce3ac-d459-11ee-8482-128e718ba88f,Above 50,Total
3f6a2642-d463-11ee-8482-128e718ba88f,25-34,Total
4018f3e5-d462-11ee-8482-128e718ba88f,Below 25,Total
40e90734-d461-11ee-8482-128e718ba88f,Below 25,Total
42515899-d457-11ee-8482-128e718ba88f,25-34,Total
42821f0a-d45e-11ee-8482-128e718ba88f,46-50,Total
42a44561-d45a-11ee-8482-128e718ba88f,25-34,Total
42bb4432-d467-11ee-8482-128e718ba88f,25-34,Total
42c60995-d45b-11ee-8482-128e718ba88f,NA,Total
42f6ec02-df77-11ee-8482-128e718ba88f,25-34,Total
42f94b69-d46a-11ee-8482-128e718ba88f,Below 25,Total
42fece40-d469-11ee-8482-128e718ba88f,35-45,Total
4330196d-d460-11ee-8482-128e718ba88f,Above 50,Total
433610b1-d458-11ee-8482-128e718ba88f,35-45,Total
434b54b7-d45f-11ee-8482-128e718ba88f,35-45,Total
43541db1-d45c-11ee-8482-128e718ba88f,Above 50,Total
4362def1-d466-11ee-8482-128e718ba88f,25-34,Total
437f33fa-d456-11ee-8482-128e718ba88f,25-34,Total
43a2a4d9-d468-11ee-8482-128e718ba88f,25-34,Total
44017cac-d463-11ee-8482-128e718ba88f,46-50,Total
443deb80-d459-11ee-8482-128e718ba88f,25-34,Total
44b23424-d462-11ee-8482-128e718ba88f,Below 25,Total
4589ee5d-d461-11ee-8482-128e718ba88f,Below 25,Total
470e3e00-d45e-11ee-8482-128e718ba88f,35-45,Total
47334b89-d457-11ee-8482-128e718ba88f,Below 25,Total
4759d906-d45b-11ee-8482-128e718ba88f,25-34,Total
475f59a2-d45a-11ee-8482-128e718ba88f,Above 50,Total
4765ec94-d467-11ee-8482-128e718ba88f,25-34,Total
478ee068-d469-11ee-8482-128e718ba88f,25-34,Total
47df1711-d458-11ee-8482-128e718ba88f,35-45,Total
47e3f6a7-d45c-11ee-8482-128e718ba88f,35-45,Total
47e4317d-d45f-11ee-8482-128e718ba88f,25-34,Total
48038aad-d466-11ee-8482-128e718ba88f,25-34,Total
484049ef-d464-11ee-8482-128e718ba88f,35-45,Total
484ac15b-d468-11ee-8482-128e718ba88f,35-45,Total
485b69da-d456-11ee-8482-128e718ba88f,25-34,Total
48a58e92-d463-11ee-8482-128e718ba88f,Below 25,Total
493ecba9-d460-11ee-8482-128e718ba88f,NA,Total
4969648c-d462-11ee-8482-128e718ba88f,25-34,Total
4a552d4e-d461-11ee-8482-128e718ba88f,Below 25,Total
4b248d45-d45d-11ee-8482-128e718ba88f,Above 50,Total
4b967deb-d45e-11ee-8482-128e718ba88f,35-45,Total
4bc60ab5-d457-11ee-8482-128e718ba88f,35-45,Total
4bfd2b3b-d467-11ee-8482-128e718ba88f,25-34,Total
4bfedc86-d45a-11ee-8482-128e718ba88f,25-34,Total
4c02ddb5-d45b-11ee-8482-128e718ba88f,25-34,Total
4c224345-d469-11ee-8482-128e718ba88f,Below 25,Total
4c286438-dc3a-11ee-8482-128e718ba88f,46-50,Total
4c74a8fb-d45c-11ee-8482-128e718ba88f,25-34,Total
4cafdc67-d466-11ee-8482-128e718ba88f,35-45,Total
4ce12271-d464-11ee-8482-128e718ba88f,35-45,Total
4cfb8a43-d468-11ee-8482-128e718ba88f,35-45,Total
4d23488d-d456-11ee-8482-128e718ba88f,25-34,Total
4d4ac7d2-d463-11ee-8482-128e718ba88f,25-34,Total
4e091e80-d460-11ee-8482-128e718ba88f,Below 25,Total
4e26991e-d462-11ee-8482-128e718ba88f,Below 25,Total
4e32276f-d459-11ee-8482-128e718ba88f,25-34,Total
4ee8e349-d461-11ee-8482-128e718ba88f,35-45,Total
4fb0692f-d45d-11ee-8482-128e718ba88f,Above 50,Total
505deb86-d457-11ee-8482-128e718ba88f,Below 25,Total
509b8424-d467-11ee-8482-128e718ba88f,35-45,Total
50bdfd11-d45b-11ee-8482-128e718ba88f,25-34,Total
50c8e666-d45a-11ee-8482-128e718ba88f,25-34,Total
50ce2cc3-d469-11ee-8482-128e718ba88f,25-34,Total
5115b772-d45f-11ee-8482-128e718ba88f,Above 50,Total
514ea780-d466-11ee-8482-128e718ba88f,25-34,Total
515e0e36-d458-11ee-8482-128e718ba88f,25-34,Total
516b5cce-d464-11ee-8482-128e718ba88f,35-45,Total
518faf0a-d468-11ee-8482-128e718ba88f,Below 25,Total
51e33cfb-d456-11ee-8482-128e718ba88f,NA,Total
5220c848-d46a-11ee-8482-128e718ba88f,25-34,Total
52c37bba-d460-11ee-8482-128e718ba88f,Above 50,Total
53541314-d459-11ee-8482-128e718ba88f,25-34,Total
538aed70-d461-11ee-8482-128e718ba88f,Below 25,Total
5402a807-d462-11ee-8482-128e718ba88f,46-50,Total
54dc428c-d45e-11ee-8482-128e718ba88f,25-34,Total
55499dea-d467-11ee-8482-128e718ba88f,35-45,Total
554cb08c-d457-11ee-8482-128e718ba88f,25-34,Total
5567462d-d45a-11ee-8482-128e718ba88f,25-34,Total
557306be-d45b-11ee-8482-128e718ba88f,35-45,Total
557525d0-d469-11ee-8482-128e718ba88f,25-34,Total
55a92484-d45c-11ee-8482-128e718ba88f,Above 50,Total
560ec3ed-d458-11ee-8482-128e718ba88f,Below 25,Total
561ca872-d464-11ee-8482-128e718ba88f,25-34,Total
56451e38-d468-11ee-8482-128e718ba88f,Below 25,Total
5690fbc9-d463-11ee-8482-128e718ba88f,25-34,Total
56b7261b-d46a-11ee-8482-128e718ba88f,25-34,Total
56f86c88-d456-11ee-8482-128e718ba88f,35-45,Total
578587f6-d460-11ee-8482-128e718ba88f,35-45,Total
582f6dd6-d459-11ee-8482-128e718ba88f,25-34,Total
587aebb6-d461-11ee-8482-128e718ba88f,25-34,Total
58a452d4-d462-11ee-8482-128e718ba88f,Below 25,Total
58f7e697-d45d-11ee-8482-128e718ba88f,35-45,Total
5987d00c-d45e-11ee-8482-128e718ba88f,25-34,Total
59dc8bb4-d467-11ee-8482-128e718ba88f,25-34,Total
59ed1c24-d457-11ee-8482-128e718ba88f,25-34,Total
5a093a50-d45a-11ee-8482-128e718ba88f,25-34,Total
5a0d2f1a-d469-11ee-8482-128e718ba88f,35-45,Total
5a0f2e9f-d45b-11ee-8482-128e718ba88f,35-45,Total
5a453b41-d45c-11ee-8482-128e718ba88f,35-45,Total
5a5d07b1-d45f-11ee-8482-128e718ba88f,35-45,Total
5aae51a5-d464-11ee-8482-128e718ba88f,35-45,Total
5adf5abc-d468-11ee-8482-128e718ba88f,NA,Total
5ae16255-d458-11ee-8482-128e718ba88f,25-34,Total
5b030568-d466-11ee-8482-128e718ba88f,35-45,Total
5b541983-d46a-11ee-8482-128e718ba88f,35-45,Total
5bd327e9-d456-11ee-8482-128e718ba88f,35-45,Total
5ce3ca33-d459-11ee-8482-128e718ba88f,46-50,Total
5d17e532-d461-11ee-8482-128e718ba88f,Above 50,Total
5d46be0b-d462-11ee-8482-128e718ba88f,25-34,Total
5dc32106-d460-11ee-8482-128e718ba88f,35-45,Total
5e3b2808-d45e-11ee-8482-128e718ba88f,35-45,Total
5e9f2516-d45a-11ee-8482-128e718ba88f,25-34,Total
5ea77e7f-d457-11ee-8482-128e718ba88f,25-34,Total
5ead012a-d45b-11ee-8482-128e718ba88f,35-45,Total
5eb4c369-d469-11ee-8482-128e718ba88f,35-45,Total
5eb8a87f-d45d-11ee-8482-128e718ba88f,35-45,Total
5eeb63fa-d45f-11ee-8482-128e718ba88f,35-45,Total
5f9d99a9-d458-11ee-8482-128e718ba88f,35-45,Total
5fbd2a40-d466-11ee-8482-128e718ba88f,25-34,Total
5fbe7f2f-d463-11ee-8482-128e718ba88f,Below 25,Total
5ffab958-d46a-11ee-8482-128e718ba88f,25-34,Total
60400b29-d467-11ee-8482-128e718ba88f,35-45,Total
60795ab2-d464-11ee-8482-128e718ba88f,Below 25,Total
60afdede-d456-11ee-8482-128e718ba88f,35-45,Total
61e22fe3-d462-11ee-8482-128e718ba88f,25-34,Total
61e26e45-d461-11ee-8482-128e718ba88f,35-45,Total
627dd833-df7b-11ee-8482-128e718ba88f,35-45,Total
62c69820-d45e-11ee-8482-128e718ba88f,25-34,Total
62e3e33c-d465-11ee-8482-128e718ba88f,25-34,Total
62fb6175-d459-11ee-8482-128e718ba88f,25-34,Total
6331b798-d460-11ee-8482-128e718ba88f,35-45,Total
63362e89-d45a-11ee-8482-128e718ba88f,25-34,Total
63555175-d45b-11ee-8482-128e718ba88f,35-45,Total
636d4b16-d45d-11ee-8482-128e718ba88f,35-45,Total
6378eb4c-d45c-11ee-8482-128e718ba88f,25-34,Total
638d7f8b-d45f-11ee-8482-128e718ba88f,25-34,Total
63a4bce2-d469-11ee-8482-128e718ba88f,35-45,Total
6457fcc4-d466-11ee-8482-128e718ba88f,Below 25,Total
645bb4f3-d463-11ee-8482-128e718ba88f,25-34,Total
64b0809d-d46a-11ee-8482-128e718ba88f,25-34,Total
64bd426a-d457-11ee-8482-128e718ba88f,25-34,Total
6525e8ec-d464-11ee-8482-128e718ba88f,35-45,Total
659e1b88-d456-11ee-8482-128e718ba88f,25-34,Total
6673faea-d462-11ee-8482-128e718ba88f,25-34,Total
6687f068-d461-11ee-8482-128e718ba88f,25-34,Total
676a8d06-d45e-11ee-8482-128e718ba88f,35-45,Total
6794c09d-d465-11ee-8482-128e718ba88f,25-34,Total
67964701-d459-11ee-8482-128e718ba88f,35-45,Total
67e33fc9-d460-11ee-8482-128e718ba88f,35-45,Total
67f1bcc9-d45a-11ee-8482-128e718ba88f,Above 50,Total
67fe941e-d45d-11ee-8482-128e718ba88f,46-50,Total
680f70c3-d45c-11ee-8482-128e718ba88f,25-34,Total
68f420e5-d463-11ee-8482-128e718ba88f,25-34,Total
69042497-d466-11ee-8482-128e718ba88f,35-45,Total
69210772-d458-11ee-8482-128e718ba88f,46-50,Total
695114ec-d46a-11ee-8482-128e718ba88f,25-34,Total
6963c7da-d45b-11ee-8482-128e718ba88f,35-45,Total
6976bec4-d469-11ee-8482-128e718ba88f,25-34,Total
697ec8b5-d45f-11ee-8482-128e718ba88f,25-34,Total
698f712e-d457-11ee-8482-128e718ba88f,25-34,Total
69955687-d467-11ee-8482-128e718ba88f,25-34,Total
69cf84e6-d464-11ee-8482-128e718ba88f,35-45,Total
6a2f0628-d456-11ee-8482-128e718ba88f,Above 50,Total
6ab67c6b-e0f3-11ee-8482-128e718ba88f,Above 50,Total
6b0983dc-d462-11ee-8482-128e718ba88f,35-45,Total
6b521017-d461-11ee-8482-128e718ba88f,Below 25,Total
6c15772d-d45e-11ee-8482-128e718ba88f,46-50,Total
6c3f421a-d465-11ee-8482-128e718ba88f,25-34,Total
6c6809eb-d459-11ee-8482-128e718ba88f,Below 25,Total
6c7ed45d-d460-11ee-8482-128e718ba88f,25-34,Total
6c9d255d-d45a-11ee-8482-128e718ba88f,25-34,Total
6cb0d927-d45c-11ee-8482-128e718ba88f,Above 50,Total
6cb11475-d45d-11ee-8482-128e718ba88f,35-45,Total
6d806026-d463-11ee-8482-128e718ba88f,Above 50,Total
6dc2c241-d468-11ee-8482-128e718ba88f,25-34,Total
6de86b42-d466-11ee-8482-128e718ba88f,25-34,Total
6de874b5-d458-11ee-8482-128e718ba88f,46-50,Total
6dfb8b30-d46a-11ee-8482-128e718ba88f,Below 25,Total
6e0f4ac4-d469-11ee-8482-128e718ba88f,NA,Total
6e16e94e-d45f-11ee-8482-128e718ba88f,35-45,Total
6e177f78-d45b-11ee-8482-128e718ba88f,Below 25,Total
6e2e55bb-d467-11ee-8482-128e718ba88f,35-45,Total
6e447f94-d457-11ee-8482-128e718ba88f,35-45,Total
6e6ec69d-d464-11ee-8482-128e718ba88f,25-34,Total
6ef2dece-d456-11ee-8482-128e718ba88f,25-34,Total
6fb64bdb-d462-11ee-8482-128e718ba88f,25-34,Total
6fee32b2-d461-11ee-8482-128e718ba88f,35-45,Total
70fdb2c5-d465-11ee-8482-128e718ba88f,25-34,Total
7129a985-d459-11ee-8482-128e718ba88f,35-45,Total
712d11ce-d460-11ee-8482-128e718ba88f,NA,Total
714603f1-d45d-11ee-8482-128e718ba88f,35-45,Total
714fe1c0-d45a-11ee-8482-128e718ba88f,25-34,Total
7169427a-d45c-11ee-8482-128e718ba88f,35-45,Total
7212c38f-d463-11ee-8482-128e718ba88f,46-50,Total
7272d2d2-d468-11ee-8482-128e718ba88f,46-50,Total
72825f26-d466-11ee-8482-128e718ba88f,NA,Total
7296ed59-d46a-11ee-8482-128e718ba88f,NA,Total
72bd76dd-d45f-11ee-8482-128e718ba88f,25-34,Total
72c6427c-d467-11ee-8482-128e718ba88f,Below 25,Total
7310aa84-d457-11ee-8482-128e718ba88f,Above 50,Total
73120a4d-d464-11ee-8482-128e718ba88f,46-50,Total
739900af-d456-11ee-8482-128e718ba88f,35-45,Total
75839b61-d45e-11ee-8482-128e718ba88f,Above 50,Total
758fcd76-d465-11ee-8482-128e718ba88f,35-45,Total
75d40525-d460-11ee-8482-128e718ba88f,35-45,Total
75d42bc3-d461-11ee-8482-128e718ba88f,25-34,Total
75e99740-d45a-11ee-8482-128e718ba88f,35-45,Total
75ef12a7-d459-11ee-8482-128e718ba88f,25-34,Total
761e8251-d45c-11ee-8482-128e718ba88f,35-45,Total
76201a58-d45d-11ee-8482-128e718ba88f,35-45,Total
76eb7a41-e0ef-11ee-8482-128e718ba88f,25-34,Total
771510ae-d468-11ee-8482-128e718ba88f,25-34,Total
774499b0-d46a-11ee-8482-128e718ba88f,NA,Total
7749ae28-d469-11ee-8482-128e718ba88f,35-45,Total
77505eae-d45f-11ee-8482-128e718ba88f,25-34,Total
776a8a77-d45b-11ee-8482-128e718ba88f,NA,Total
7793a740-d458-11ee-8482-128e718ba88f,35-45,Total
77b51c00-df62-11ee-8482-128e718ba88f,35-45,Total
77cc61b5-d457-11ee-8482-128e718ba88f,25-34,Total
78447ee8-d456-11ee-8482-128e718ba88f,Below 25,Total
78f06d98-d462-11ee-8482-128e718ba88f,35-45,Total
7a203889-d45e-11ee-8482-128e718ba88f,Below 25,Total
7a5275a5-d465-11ee-8482-128e718ba88f,NA,Total
7a7217ae-d460-11ee-8482-128e718ba88f,35-45,Total
7aad1dbd-d459-11ee-8482-128e718ba88f,35-45,Total
7ab0aeaa-d45a-11ee-8482-128e718ba88f,35-45,Total
7abc5cbc-d45d-11ee-8482-128e718ba88f,Below 25,Total
7be28f73-df61-11ee-8482-128e718ba88f,35-45,Total
7beac703-d45c-11ee-8482-128e718ba88f,25-34,Total
7beb6bf3-d46a-11ee-8482-128e718ba88f,35-45,Total
7bed5359-d45f-11ee-8482-128e718ba88f,Above 50,Total
7c03bb01-d469-11ee-8482-128e718ba88f,35-45,Total
7c3881ac-d45b-11ee-8482-128e718ba88f,Above 50,Total
7c3c5380-d458-11ee-8482-128e718ba88f,25-34,Total
7c4e821a-d467-11ee-8482-128e718ba88f,25-34,Total
7c53692c-d464-11ee-8482-128e718ba88f,35-45,Total
7c7be353-d457-11ee-8482-128e718ba88f,25-34,Total
7d0b764a-d456-11ee-8482-128e718ba88f,35-45,Total
7d87f2cb-d462-11ee-8482-128e718ba88f,25-34,Total
7ecf348f-d45e-11ee-8482-128e718ba88f,35-45,Total
7efcede8-d465-11ee-8482-128e718ba88f,35-45,Total
7f269498-d461-11ee-8482-128e718ba88f,25-34,Total
7f7f9e0e-d45a-11ee-8482-128e718ba88f,35-45,Total
80503034-d468-11ee-8482-128e718ba88f,25-34,Total
807ab177-d45f-11ee-8482-128e718ba88f,35-45,Total
808ed4c9-d45c-11ee-8482-128e718ba88f,35-45,Total
808f2ee9-d46a-11ee-8482-128e718ba88f,35-45,Total
80a2c830-d469-11ee-8482-128e718ba88f,25-34,Total
80aae686-d6cf-11ee-8482-128e718ba88f,Below 25,Total
80ec13c7-d458-11ee-8482-128e718ba88f,35-45,Total
80ecdd56-d464-11ee-8482-128e718ba88f,25-34,Total
80f24f4f-d467-11ee-8482-128e718ba88f,35-45,Total
8111d15f-d457-11ee-8482-128e718ba88f,Below 25,Total
81a987fd-d466-11ee-8482-128e718ba88f,25-34,Total
820d7f0b-d456-11ee-8482-128e718ba88f,25-34,Total
824c63de-d462-11ee-8482-128e718ba88f,25-34,Total
8370804c-d45e-11ee-8482-128e718ba88f,25-34,Total
83aa9815-d465-11ee-8482-128e718ba88f,25-34,Total
83cb87d0-d460-11ee-8482-128e718ba88f,35-45,Total
83cba46f-d461-11ee-8482-128e718ba88f,25-34,Total
83f07efe-d45d-11ee-8482-128e718ba88f,25-34,Total
842856f4-d459-11ee-8482-128e718ba88f,25-34,Total
84398185-d45a-11ee-8482-128e718ba88f,35-45,Total
85060b15-d468-11ee-8482-128e718ba88f,25-34,Total
85274f14-d45c-11ee-8482-128e718ba88f,Above 50,Total
853daaa9-d45f-11ee-8482-128e718ba88f,Below 25,Total
853fff57-d46a-11ee-8482-128e718ba88f,Below 25,Total
8551ecc5-d469-11ee-8482-128e718ba88f,35-45,Total
85857901-d467-11ee-8482-128e718ba88f,Below 25,Total
858b8ad9-d464-11ee-8482-128e718ba88f,Below 25,Total
85947032-d45b-11ee-8482-128e718ba88f,25-34,Total
85e0c7d0-d457-11ee-8482-128e718ba88f,Below 25,Total
86373439-d463-11ee-8482-128e718ba88f,35-45,Total
863fb9b5-d466-11ee-8482-128e718ba88f,35-45,Total
86e373a9-d462-11ee-8482-128e718ba88f,25-34,Total
86f8dfdc-d458-11ee-8482-128e718ba88f,Below 25,Total
88416e9a-d465-11ee-8482-128e718ba88f,25-34,Total
886b9538-d460-11ee-8482-128e718ba88f,NA,Total
8870910c-d461-11ee-8482-128e718ba88f,Above 50,Total
887f20a0-d45d-11ee-8482-128e718ba88f,25-34,Total
88ead08f-d459-11ee-8482-128e718ba88f,Below 25,Total
8967457d-d45e-11ee-8482-128e718ba88f,35-45,Total
89dcc887-d45f-11ee-8482-128e718ba88f,35-45,Total
89e247b4-d45c-11ee-8482-128e718ba88f,Above 50,Total
89ec9716-d46a-11ee-8482-128e718ba88f,Below 25,Total
89fb3f50-d469-11ee-8482-128e718ba88f,25-34,Total
8a1b2696-d467-11ee-8482-128e718ba88f,25-34,Total
8a359cab-d45b-11ee-8482-128e718ba88f,25-34,Total
8a3ba67d-d464-11ee-8482-128e718ba88f,Above 50,Total
8a4db6cd-d45a-11ee-8482-128e718ba88f,25-34,Total
8aa7ea7d-d457-11ee-8482-128e718ba88f,35-45,Total
8ad2f8e0-d466-11ee-8482-128e718ba88f,NA,Total
8adae556-d468-11ee-8482-128e718ba88f,Below 25,Total
8adbf124-d463-11ee-8482-128e718ba88f,25-34,Total
8b819ce0-d462-11ee-8482-128e718ba88f,Above 50,Total
8bb5355b-d458-11ee-8482-128e718ba88f,Below 25,Total
8cd1e469-d465-11ee-8482-128e718ba88f,25-34,Total
8d0e9804-d461-11ee-8482-128e718ba88f,25-34,Total
8d253349-d45d-11ee-8482-128e718ba88f,25-34,Total
8d387336-d456-11ee-8482-128e718ba88f,25-34,Total
8d877f8c-d459-11ee-8482-128e718ba88f,Below 25,Total
8e15f41f-d45e-11ee-8482-128e718ba88f,Below 25,Total
8e8350e0-d45c-11ee-8482-128e718ba88f,25-34,Total
8ea3f727-d45f-11ee-8482-128e718ba88f,25-34,Total
8ea88593-d46a-11ee-8482-128e718ba88f,35-45,Total
8ecdc8c5-df7e-11ee-8482-128e718ba88f,25-34,Total
8ee11fb9-d467-11ee-8482-128e718ba88f,Below 25,Total
8ee4af51-d45b-11ee-8482-128e718ba88f,25-34,Total
8f11c4c0-d45a-11ee-8482-128e718ba88f,35-45,Total
8f317d89-d464-11ee-8482-128e718ba88f,35-45,Total
8f5e6ac5-d457-11ee-8482-128e718ba88f,35-45,Total
8f69350e-d466-11ee-8482-128e718ba88f,25-34,Total
8f92b32a-d463-11ee-8482-128e718ba88f,NA,Total
900f0481-d462-11ee-8482-128e718ba88f,35-45,Total
90544106-d458-11ee-8482-128e718ba88f,35-45,Total
91a22918-d461-11ee-8482-128e718ba88f,Above 50,Total
91d6e0c3-d45d-11ee-8482-128e718ba88f,25-34,Total
923b03e9-d459-11ee-8482-128e718ba88f,46-50,Total
92d6746f-d45e-11ee-8482-128e718ba88f,35-45,Total
92ece755-d460-11ee-8482-128e718ba88f,35-45,Total
9345c72c-d45c-11ee-8482-128e718ba88f,25-34,Total
938554a3-d467-11ee-8482-128e718ba88f,Below 25,Total
93928782-d469-11ee-8482-128e718ba88f,NA,Total
93bb89a4-d45b-11ee-8482-128e718ba88f,25-34,Total
93bf7207-d464-11ee-8482-128e718ba88f,Above 50,Total
93c391ef-d45f-11ee-8482-128e718ba88f,25-34,Total
9411526b-d466-11ee-8482-128e718ba88f,35-45,Total
9428efc6-d457-11ee-8482-128e718ba88f,25-34,Total
942d8751-d468-11ee-8482-128e718ba88f,25-34,Total
944dd86c-d463-11ee-8482-128e718ba88f,25-34,Total
948e1a2d-d46a-11ee-8482-128e718ba88f,25-34,Total
949e1d3b-d462-11ee-8482-128e718ba88f,25-34,Total
950ff9b0-d458-11ee-8482-128e718ba88f,Below 25,Total
962a7948-d465-11ee-8482-128e718ba88f,Below 25,Total
9641e17a-d461-11ee-8482-128e718ba88f,Above 50,Total
9664874e-d45d-11ee-8482-128e718ba88f,Above 50,Total
96ecf859-d456-11ee-8482-128e718ba88f,Below 25,Total
96f00d83-d459-11ee-8482-128e718ba88f,Above 50,Total
979949a5-d45e-11ee-8482-128e718ba88f,25-34,Total
97e9905e-d45c-11ee-8482-128e718ba88f,Above 50,Total
98342423-d467-11ee-8482-128e718ba88f,35-45,Total
984f48e5-d469-11ee-8482-128e718ba88f,35-45,Total
9858e203-d45f-11ee-8482-128e718ba88f,Below 25,Total
985e5989-d464-11ee-8482-128e718ba88f,25-34,Total
9864efdd-d45b-11ee-8482-128e718ba88f,25-34,Total
98a115c3-d45a-11ee-8482-128e718ba88f,25-34,Total
98b6b4eb-d466-11ee-8482-128e718ba88f,25-34,Total
98be08af-d457-11ee-8482-128e718ba88f,25-34,Total
98d81629-d468-11ee-8482-128e718ba88f,25-34,Total
98ec4088-d463-11ee-8482-128e718ba88f,25-34,Total
9945d124-d462-11ee-8482-128e718ba88f,35-45,Total
99c9bc92-d458-11ee-8482-128e718ba88f,35-45,Total
9ad4e535-d461-11ee-8482-128e718ba88f,Above 50,Total
9ae7b082-d465-11ee-8482-128e718ba88f,25-34,Total
9b213650-d45d-11ee-8482-128e718ba88f,Below 25,Total
9b8ff48b-d459-11ee-8482-128e718ba88f,35-45,Total
9bb8fe06-d456-11ee-8482-128e718ba88f,25-34,Total
9c39610e-d460-11ee-8482-128e718ba88f,NA,Total
9cb41e5b-d45c-11ee-8482-128e718ba88f,NA,Total
9cd7b4bc-d467-11ee-8482-128e718ba88f,35-45,Total
9ceb2858-d469-11ee-8482-128e718ba88f,Below 25,Total
9cf1d3d4-d464-11ee-8482-128e718ba88f,Below 25,Total
9cf7e859-d45f-11ee-8482-128e718ba88f,Above 50,Total
9d4f4c86-d45b-11ee-8482-128e718ba88f,25-34,Total
9d588452-d45a-11ee-8482-128e718ba88f,NA,Total
9d5fa6d8-d466-11ee-8482-128e718ba88f,25-34,Total
9d755bc0-d468-11ee-8482-128e718ba88f,25-34,Total
9da761ad-d463-11ee-8482-128e718ba88f,35-45,Total
9dc7e9e8-d46a-11ee-8482-128e718ba88f,35-45,Total
9e9aff5e-d458-11ee-8482-128e718ba88f,Above 50,Total
9f0ca899-d462-11ee-8482-128e718ba88f,Below 25,Total
9f705bcb-d461-11ee-8482-128e718ba88f,35-45,Total
9feb9ea1-d45d-11ee-8482-128e718ba88f,Below 25,Total
a01c7a57-d459-11ee-8482-128e718ba88f,46-50,Total
a0a5c1e7-d456-11ee-8482-128e718ba88f,25-34,Total
a0d252ff-d460-11ee-8482-128e718ba88f,25-34,Total
a0fe4153-d45e-11ee-8482-128e718ba88f,Below 25,Total
a115eb0e-e025-11ee-8482-128e718ba88f,25-34,Total
a17a3de4-d467-11ee-8482-128e718ba88f,35-45,Total
a1856afc-d469-11ee-8482-128e718ba88f,Below 25,Total
a19e97cf-d464-11ee-8482-128e718ba88f,46-50,Total
a1b42202-e029-11ee-8482-128e718ba88f,35-45,Total
a1badc52-d45f-11ee-8482-128e718ba88f,35-45,Total
a2051107-d45a-11ee-8482-128e718ba88f,35-45,Total
a209e843-d468-11ee-8482-128e718ba88f,NA,Total
a22d4e14-d45b-11ee-8482-128e718ba88f,25-34,Total
a246665c-d463-11ee-8482-128e718ba88f,Below 25,Total
a24758f3-d457-11ee-8482-128e718ba88f,35-45,Total
a27b0224-d46a-11ee-8482-128e718ba88f,35-45,Total
a35e0381-d458-11ee-8482-128e718ba88f,25-34,Total
a3b66448-d462-11ee-8482-128e718ba88f,46-50,Total
a411bb11-d461-11ee-8482-128e718ba88f,35-45,Total
a48e8892-d45d-11ee-8482-128e718ba88f,Below 25,Total
a4b30ffe-d459-11ee-8482-128e718ba88f,46-50,Total
a577ae99-d460-11ee-8482-128e718ba88f,Below 25,Total
a59ba836-d456-11ee-8482-128e718ba88f,35-45,Total
a605d6d1-d45c-11ee-8482-128e718ba88f,NA,Total
a60e0724-d467-11ee-8482-128e718ba88f,25-34,Total
a6394931-d464-11ee-8482-128e718ba88f,25-34,Total
a65f64e6-d45f-11ee-8482-128e718ba88f,35-45,Total
a6a4da5f-d45a-11ee-8482-128e718ba88f,Below 25,Total
a6b55e4d-d468-11ee-8482-128e718ba88f,35-45,Total
a6bd62ce-d45b-11ee-8482-128e718ba88f,25-34,Total
a6df04ea-d463-11ee-8482-128e718ba88f,25-34,Total
a7a20562-d46a-11ee-8482-128e718ba88f,25-34,Total
a831a816-d458-11ee-8482-128e718ba88f,25-34,Total
a85838c9-d462-11ee-8482-128e718ba88f,Above 50,Total
a8a98618-d461-11ee-8482-128e718ba88f,Above 50,Total
aa3974a7-d460-11ee-8482-128e718ba88f,35-45,Total
aa50a642-d465-11ee-8482-128e718ba88f,35-45,Total
aa57a44f-d45d-11ee-8482-128e718ba88f,35-45,Total
aa654dd7-d45e-11ee-8482-128e718ba88f,25-34,Total
aa6d9c22-d456-11ee-8482-128e718ba88f,25-34,Total
aa88fdc6-d459-11ee-8482-128e718ba88f,35-45,Total
aacc6445-d45c-11ee-8482-128e718ba88f,35-45,Total
ab4bd3fe-d469-11ee-8482-128e718ba88f,25-34,Total
ab4fba0c-d45a-11ee-8482-128e718ba88f,35-45,Total
ab63613b-d45b-11ee-8482-128e718ba88f,35-45,Total
ab64c978-d45f-11ee-8482-128e718ba88f,35-45,Total
ab76997e-d463-11ee-8482-128e718ba88f,Above 50,Total
ab90a00d-d466-11ee-8482-128e718ba88f,25-34,Total
ab920cf1-d468-11ee-8482-128e718ba88f,Below 25,Total
abe8ddf8-d467-11ee-8482-128e718ba88f,25-34,Total
ac036c66-d464-11ee-8482-128e718ba88f,46-50,Total
ac40e329-d46a-11ee-8482-128e718ba88f,NA,Total
acca0800-d457-11ee-8482-128e718ba88f,25-34,Total
ace8ebf8-d462-11ee-8482-128e718ba88f,35-45,Total
acf309b6-d458-11ee-8482-128e718ba88f,35-45,Total
ad5e0806-d461-11ee-8482-128e718ba88f,35-45,Total
aee8c479-d460-11ee-8482-128e718ba88f,25-34,Total
aefd1b99-d45d-11ee-8482-128e718ba88f,25-34,Total
af0591e1-d465-11ee-8482-128e718ba88f,35-45,Total
af0cfa52-d455-11ee-8482-128e718ba88f,25-34,Total
af208d6c-d45e-11ee-8482-128e718ba88f,Below 25,Total
af2a6f9b-d456-11ee-8482-128e718ba88f,Below 25,Total
af425f28-d459-11ee-8482-128e718ba88f,35-45,Total
af7920fb-d45c-11ee-8482-128e718ba88f,35-45,Total
b018b497-d45a-11ee-8482-128e718ba88f,35-45,Total
b02706a6-d463-11ee-8482-128e718ba88f,25-34,Total
b02755f5-d468-11ee-8482-128e718ba88f,25-34,Total
b051a170-d466-11ee-8482-128e718ba88f,NA,Total
b07ca52e-d467-11ee-8482-128e718ba88f,25-34,Total
b0947134-d464-11ee-8482-128e718ba88f,35-45,Total
b11c3526-d469-11ee-8482-128e718ba88f,25-34,Total
b13df960-d45f-11ee-8482-128e718ba88f,35-45,Total
b13f3391-d45b-11ee-8482-128e718ba88f,35-45,Total
b16f0ec3-df60-11ee-8482-128e718ba88f,Below 25,Total
b1798b4f-d462-11ee-8482-128e718ba88f,35-45,Total
b1a4381d-d457-11ee-8482-128e718ba88f,25-34,Total
b1e24d32-d458-11ee-8482-128e718ba88f,25-34,Total
b208a1fb-d461-11ee-8482-128e718ba88f,25-34,Total
b37d4b5f-d460-11ee-8482-128e718ba88f,25-34,Total
b3a41dce-d465-11ee-8482-128e718ba88f,25-34,Total
b3dac69d-d45d-11ee-8482-128e718ba88f,35-45,Total
b3e06335-d459-11ee-8482-128e718ba88f,25-34,Total
b3ed9f89-d45e-11ee-8482-128e718ba88f,35-45,Total
b3f57b08-d455-11ee-8482-128e718ba88f,25-34,Total
b4066200-d45c-11ee-8482-128e718ba88f,25-34,Total
b40b63bb-d456-11ee-8482-128e718ba88f,Below 25,Total
b4c84ccc-d463-11ee-8482-128e718ba88f,35-45,Total
b4ea2b75-d45a-11ee-8482-128e718ba88f,25-34,Total
b4ec029d-d466-11ee-8482-128e718ba88f,25-34,Total
b51e1099-d467-11ee-8482-128e718ba88f,35-45,Total
b584a9d7-d46a-11ee-8482-128e718ba88f,35-45,Total
b6008ff2-d45b-11ee-8482-128e718ba88f,35-45,Total
b612afa5-d45f-11ee-8482-128e718ba88f,Below 25,Total
b6415e3b-d462-11ee-8482-128e718ba88f,Below 25,Total
b6786f8a-d458-11ee-8482-128e718ba88f,Below 25,Total
b6940429-d457-11ee-8482-128e718ba88f,35-45,Total
b69e7773-d461-11ee-8482-128e718ba88f,35-45,Total
b80f2b67-d460-11ee-8482-128e718ba88f,35-45,Total
b86cf97e-d465-11ee-8482-128e718ba88f,35-45,Total
b88d9956-d45d-11ee-8482-128e718ba88f,46-50,Total
b8a031cd-d45c-11ee-8482-128e718ba88f,25-34,Total
b8a30c6f-d459-11ee-8482-128e718ba88f,46-50,Total
b8b2d062-d45e-11ee-8482-128e718ba88f,25-34,Total
b90e9263-d456-11ee-8482-128e718ba88f,25-34,Total
b964fb76-d468-11ee-8482-128e718ba88f,35-45,Total
b969748f-d463-11ee-8482-128e718ba88f,Above 50,Total
b981093d-d466-11ee-8482-128e718ba88f,Below 25,Total
b9a225ff-d45a-11ee-8482-128e718ba88f,25-34,Total
b9c19b21-d467-11ee-8482-128e718ba88f,25-34,Total
ba21c477-d46a-11ee-8482-128e718ba88f,25-34,Total
ba6e2287-d469-11ee-8482-128e718ba88f,25-34,Total
bab1f5a1-d45f-11ee-8482-128e718ba88f,25-34,Total
bad9b8c7-d462-11ee-8482-128e718ba88f,25-34,Total
bb2b87cb-d461-11ee-8482-128e718ba88f,Above 50,Total
bc9ef61a-d460-11ee-8482-128e718ba88f,25-34,Total
bd255571-d45d-11ee-8482-128e718ba88f,25-34,Total
bd2b86f4-d465-11ee-8482-128e718ba88f,NA,Total
bd45aca9-d45c-11ee-8482-128e718ba88f,NA,Total
bd5887a2-d45e-11ee-8482-128e718ba88f,25-34,Total
bd68dd17-d455-11ee-8482-128e718ba88f,25-34,Total
bd71588a-d459-11ee-8482-128e718ba88f,Below 25,Total
bde5cb36-d456-11ee-8482-128e718ba88f,25-34,Total
bdff78bf-d463-11ee-8482-128e718ba88f,Above 50,Total
be136cfe-d468-11ee-8482-128e718ba88f,25-34,Total
be2ed0d2-d466-11ee-8482-128e718ba88f,25-34,Total
be5661ce-d467-11ee-8482-128e718ba88f,25-34,Total
bebbc5a6-d46a-11ee-8482-128e718ba88f,NA,Total
bf6ee185-d462-11ee-8482-128e718ba88f,25-34,Total
bf7a876d-d45f-11ee-8482-128e718ba88f,25-34,Total
c03b81a1-d457-11ee-8482-128e718ba88f,35-45,Total
c0fb3569-d461-11ee-8482-128e718ba88f,25-34,Total
c1474cd8-d460-11ee-8482-128e718ba88f,25-34,Total
c1e00f13-d45d-11ee-8482-128e718ba88f,35-45,Total
c1e29204-d45c-11ee-8482-128e718ba88f,25-34,Total
c1fafd3b-d45e-11ee-8482-128e718ba88f,35-45,Total
c2097547-d455-11ee-8482-128e718ba88f,25-34,Total
c2a41b32-d456-11ee-8482-128e718ba88f,35-45,Total
c2a595c0-d463-11ee-8482-128e718ba88f,25-34,Total
c2abf736-d468-11ee-8482-128e718ba88f,Below 25,Total
c2feded8-d467-11ee-8482-128e718ba88f,Below 25,Total
c3107f46-d459-11ee-8482-128e718ba88f,25-34,Total
c31ea78c-d45a-11ee-8482-128e718ba88f,25-34,Total
c368b811-d46a-11ee-8482-128e718ba88f,NA,Total
c40b2627-d462-11ee-8482-128e718ba88f,35-45,Total
c47bea60-d45f-11ee-8482-128e718ba88f,35-45,Total
c5378600-d458-11ee-8482-128e718ba88f,Below 25,Total
c59a44cb-d461-11ee-8482-128e718ba88f,35-45,Total
c5efa77b-d460-11ee-8482-128e718ba88f,NA,Total
c6777600-d45d-11ee-8482-128e718ba88f,25-34,Total
c681794e-d465-11ee-8482-128e718ba88f,35-45,Total
c6badd8e-d45e-11ee-8482-128e718ba88f,Below 25,Total
c6bca6c4-d455-11ee-8482-128e718ba88f,25-34,Total
c752775c-d468-11ee-8482-128e718ba88f,25-34,Total
c7aef228-d45a-11ee-8482-128e718ba88f,25-34,Total
c7af7e43-d456-11ee-8482-128e718ba88f,Below 25,Total
c7cac34d-d459-11ee-8482-128e718ba88f,35-45,Total
c7cc7ff6-d45c-11ee-8482-128e718ba88f,35-45,Total
c889e3fa-d469-11ee-8482-128e718ba88f,Below 25,Total
c906af6a-d45f-11ee-8482-128e718ba88f,Below 25,Total
c93eb540-d463-11ee-8482-128e718ba88f,35-45,Total
c9b29796-d457-11ee-8482-128e718ba88f,25-34,Total
ca0d1823-d458-11ee-8482-128e718ba88f,Below 25,Total
ca4a8a32-d461-11ee-8482-128e718ba88f,35-45,Total
ca9bf37a-d460-11ee-8482-128e718ba88f,35-45,Total
cb211c6c-d45d-11ee-8482-128e718ba88f,35-45,Total
cb4d1f14-d45e-11ee-8482-128e718ba88f,46-50,Total
cbbc5541-d455-11ee-8482-128e718ba88f,25-34,Total
cbefc548-d468-11ee-8482-128e718ba88f,35-45,Total
cc52f11c-d45a-11ee-8482-128e718ba88f,25-34,Total
cc580d57-d467-11ee-8482-128e718ba88f,25-34,Total
cc64734d-d459-11ee-8482-128e718ba88f,25-34,Total
cc681660-d45c-11ee-8482-128e718ba88f,Above 50,Total
cc74c3ca-d456-11ee-8482-128e718ba88f,35-45,Total
cd29cad6-d469-11ee-8482-128e718ba88f,25-34,Total
cd3a80e3-d466-11ee-8482-128e718ba88f,25-34,Total
cd88c862-d462-11ee-8482-128e718ba88f,46-50,Total
cdb46557-d45f-11ee-8482-128e718ba88f,25-34,Total
cdd228a1-d463-11ee-8482-128e718ba88f,25-34,Total
ce683105-d457-11ee-8482-128e718ba88f,25-34,Total
cf00d0a1-d461-11ee-8482-128e718ba88f,25-34,Total
cf5dab8d-d460-11ee-8482-128e718ba88f,25-34,Total
cfc9b85a-d45d-11ee-8482-128e718ba88f,35-45,Total
d03f4e11-d458-11ee-8482-128e718ba88f,35-45,Total
d0866aa0-d465-11ee-8482-128e718ba88f,35-45,Total
d0b40f65-d468-11ee-8482-128e718ba88f,35-45,Total
d10a821b-d459-11ee-8482-128e718ba88f,25-34,Total
d115f020-d45c-11ee-8482-128e718ba88f,Above 50,Total
d116a308-df75-11ee-8482-128e718ba88f,25-34,Total
d146daa4-d46a-11ee-8482-128e718ba88f,Below 25,Total
d1539867-d45e-11ee-8482-128e718ba88f,25-34,Total
d1cc8daf-d469-11ee-8482-128e718ba88f,25-34,Total
d1cf2036-d466-11ee-8482-128e718ba88f,25-34,Total
d21036a3-d455-11ee-8482-128e718ba88f,35-45,Total
d2351e74-d462-11ee-8482-128e718ba88f,46-50,Total
d255cf42-d45a-11ee-8482-128e718ba88f,25-34,Total
d2562482-d45f-11ee-8482-128e718ba88f,46-50,Total
d26e2aff-d456-11ee-8482-128e718ba88f,25-34,Total
d282965e-d463-11ee-8482-128e718ba88f,25-34,Total
d3290b4a-d457-11ee-8482-128e718ba88f,25-34,Total
d40a3188-d460-11ee-8482-128e718ba88f,Below 25,Total
d48be395-d45d-11ee-8482-128e718ba88f,Below 25,Total
d4e7d493-d458-11ee-8482-128e718ba88f,NA,Total
d5011b71-daa7-11ee-8482-128e718ba88f,NA,Total
d519a3b8-d465-11ee-8482-128e718ba88f,35-45,Total
d5a8f28e-d45c-11ee-8482-128e718ba88f,25-34,Total
d5e6e214-d459-11ee-8482-128e718ba88f,25-34,Total
d5fa9a5d-d45e-11ee-8482-128e718ba88f,25-34,Total
d69443a9-d468-11ee-8482-128e718ba88f,NA,Total
d69eea55-d466-11ee-8482-128e718ba88f,35-45,Total
d6e3c2ad-d462-11ee-8482-128e718ba88f,Above 50,Total
d6ef61fc-d45a-11ee-8482-128e718ba88f,35-45,Total
d6f15745-d45f-11ee-8482-128e718ba88f,Below 25,Total
d711ed46-d456-11ee-8482-128e718ba88f,25-34,Total
d73a2185-d463-11ee-8482-128e718ba88f,35-45,Total
d7ab4f87-d455-11ee-8482-128e718ba88f,35-45,Total
d7cd7ad2-d457-11ee-8482-128e718ba88f,Below 25,Total
d84dfe0a-dc39-11ee-8482-128e718ba88f,46-50,Total
d8bfc51c-d460-11ee-8482-128e718ba88f,25-34,Total
d8d8b76b-d461-11ee-8482-128e718ba88f,25-34,Total
d948086a-d45d-11ee-8482-128e718ba88f,46-50,Total
d9ad26fc-d458-11ee-8482-128e718ba88f,Below 25,Total
d9ad5701-d465-11ee-8482-128e718ba88f,25-34,Total
d9ca6b45-e02e-11ee-8482-128e718ba88f,35-45,Total
da391f2b-d45c-11ee-8482-128e718ba88f,25-34,Total
da87d625-d459-11ee-8482-128e718ba88f,46-50,Total
da898eec-d46a-11ee-8482-128e718ba88f,25-34,Total
daa42bb4-d45e-11ee-8482-128e718ba88f,35-45,Total
db51800e-d468-11ee-8482-128e718ba88f,25-34,Total
db5b6e38-d466-11ee-8482-128e718ba88f,25-34,Total
db814f4f-d45f-11ee-8482-128e718ba88f,Below 25,Total
db96cd55-d462-11ee-8482-128e718ba88f,35-45,Total
db982949-d45a-11ee-8482-128e718ba88f,35-45,Total
dbd33a0a-d463-11ee-8482-128e718ba88f,35-45,Total
dbd72fe4-d456-11ee-8482-128e718ba88f,Above 50,Total
dc9a2609-d457-11ee-8482-128e718ba88f,25-34,Total
dcea33b0-e034-11ee-8482-128e718ba88f,35-45,Total
dd81150f-d461-11ee-8482-128e718ba88f,25-34,Total
de0cd3fc-d45d-11ee-8482-128e718ba88f,25-34,Total
debca5d7-d460-11ee-8482-128e718ba88f,25-34,Total
dedfa8ef-d458-11ee-8482-128e718ba88f,35-45,Total
df06a5fd-d45c-11ee-8482-128e718ba88f,35-45,Total
df1337fa-d459-11ee-8482-128e718ba88f,25-34,Total
df182770-d467-11ee-8482-128e718ba88f,25-34,Total
df5c117f-d45e-11ee-8482-128e718ba88f,25-34,Total
dfb4f5c9-d469-11ee-8482-128e718ba88f,Below 25,Total
dfe6a7f3-d468-11ee-8482-128e718ba88f,25-34,Total
e00b4f41-d466-11ee-8482-128e718ba88f,Below 25,Total
e0135e33-d45f-11ee-8482-128e718ba88f,35-45,Total
e02da7a1-d45a-11ee-8482-128e718ba88f,Below 25,Total
e04cc58f-d462-11ee-8482-128e718ba88f,25-34,Total
e05e67ab-d46a-11ee-8482-128e718ba88f,NA,Total
e06c3fd2-d463-11ee-8482-128e718ba88f,35-45,Total
e08d4f9e-d456-11ee-8482-128e718ba88f,25-34,Total
e1991c24-d455-11ee-8482-128e718ba88f,25-34,Total
e226915c-d461-11ee-8482-128e718ba88f,35-45,Total
e2a5bdc6-d45d-11ee-8482-128e718ba88f,46-50,Total
e304518c-df61-11ee-8482-128e718ba88f,Above 50,Total
e31b2e2f-d465-11ee-8482-128e718ba88f,25-34,Total
e34febce-d460-11ee-8482-128e718ba88f,25-34,Total
e3706382-d458-11ee-8482-128e718ba88f,25-34,Total
e3981eeb-d45c-11ee-8482-128e718ba88f,Above 50,Total
e3bbeb18-d467-11ee-8482-128e718ba88f,35-45,Total
e3fdeef3-d45e-11ee-8482-128e718ba88f,35-45,Total
e4747c17-d469-11ee-8482-128e718ba88f,Below 25,Total
e487c89c-d468-11ee-8482-128e718ba88f,Below 25,Total
e4a571ef-d466-11ee-8482-128e718ba88f,35-45,Total
e4b46442-d45f-11ee-8482-128e718ba88f,25-34,Total
e4be28fa-d45a-11ee-8482-128e718ba88f,25-34,Total
e52dedfe-d456-11ee-8482-128e718ba88f,35-45,Total
e5316762-d463-11ee-8482-128e718ba88f,35-45,Total
e5febae2-d457-11ee-8482-128e718ba88f,25-34,Total
e646d556-d455-11ee-8482-128e718ba88f,Above 50,Total
e6ce0285-d461-11ee-8482-128e718ba88f,Below 25,Total
e779613a-d45d-11ee-8482-128e718ba88f,Below 25,Total
e7c737c1-d465-11ee-8482-128e718ba88f,35-45,Total
e7f7e20f-d460-11ee-8482-128e718ba88f,25-34,Total
e805ddcb-d458-11ee-8482-128e718ba88f,35-45,Total
e8307591-d45c-11ee-8482-128e718ba88f,25-34,Total
e8695465-d459-11ee-8482-128e718ba88f,25-34,Total
e8a92147-d45e-11ee-8482-128e718ba88f,25-34,Total
e95dd768-d45a-11ee-8482-128e718ba88f,25-34,Total
e960ce45-d45f-11ee-8482-128e718ba88f,Below 25,Total
e9e225ed-d463-11ee-8482-128e718ba88f,46-50,Total
ea3fd059-d456-11ee-8482-128e718ba88f,35-45,Total
eabceb8b-d462-11ee-8482-128e718ba88f,35-45,Total
eacb2907-d457-11ee-8482-128e718ba88f,NA,Total
eb0db72e-d455-11ee-8482-128e718ba88f,35-45,Total
eb983b69-d461-11ee-8482-128e718ba88f,Below 25,Total
ec20d71e-d45d-11ee-8482-128e718ba88f,Below 25,Total
ec665334-d465-11ee-8482-128e718ba88f,25-34,Total
ec8d5aa1-d460-11ee-8482-128e718ba88f,25-34,Total
ece23d3c-d45c-11ee-8482-128e718ba88f,Above 50,Total
ecf4ace2-d467-11ee-8482-128e718ba88f,25-34,Total
ed0d23fc-d459-11ee-8482-128e718ba88f,25-34,Total
ed5b2a9f-d45e-11ee-8482-128e718ba88f,Below 25,Total
edb7f891-d469-11ee-8482-128e718ba88f,35-45,Total
edbd2c8e-d468-11ee-8482-128e718ba88f,35-45,Total
edddce39-d466-11ee-8482-128e718ba88f,Below 25,Total
edf53c30-d45f-11ee-8482-128e718ba88f,25-34,Total
ee05517c-d45a-11ee-8482-128e718ba88f,25-34,Total
ee7cb6b3-d463-11ee-8482-128e718ba88f,25-34,Total
eee03e11-d456-11ee-8482-128e718ba88f,35-45,Total
ef53fcc6-d462-11ee-8482-128e718ba88f,25-34,Total
efc48eda-d457-11ee-8482-128e718ba88f,25-34,Total
efe210d7-d455-11ee-8482-128e718ba88f,NA,Total
f03350ec-d461-11ee-8482-128e718ba88f,25-34,Total
f1218cfd-d460-11ee-8482-128e718ba88f,Below 25,Total
f14ecbf6-d458-11ee-8482-128e718ba88f,Above 50,Total
f18ae925-d45c-11ee-8482-128e718ba88f,25-34,Total
f19026b6-d467-11ee-8482-128e718ba88f,25-34,Total
f20f8afa-d45d-11ee-8482-128e718ba88f,Below 25,Total
f23f3788-d465-11ee-8482-128e718ba88f,25-34,Total
f2780d50-d469-11ee-8482-128e718ba88f,35-45,Total
f290ab8c-d466-11ee-8482-128e718ba88f,35-45,Total
f29d964f-d45f-11ee-8482-128e718ba88f,35-45,Total
f2a90630-d45a-11ee-8482-128e718ba88f,25-34,Total
f2df25d8-d459-11ee-8482-128e718ba88f,25-34,Total
f335210e-d463-11ee-8482-128e718ba88f,35-45,Total
f3940391-d456-11ee-8482-128e718ba88f,25-34,Total
f3e8cfeb-d462-11ee-8482-128e718ba88f,Below 25,Total
f4c0d9e3-d461-11ee-8482-128e718ba88f,35-45,Total
f5b1c90b-d460-11ee-8482-128e718ba88f,25-34,Total
f5c47a32-d457-11ee-8482-128e718ba88f,35-45,Total
f5cadf97-d455-11ee-8482-128e718ba88f,46-50,Total
f6697002-d458-11ee-8482-128e718ba88f,35-45,Total
f689fc2f-d45e-11ee-8482-128e718ba88f,25-34,Total
f6ab9c01-d45d-11ee-8482-128e718ba88f,Above 50,Total
f70e070f-d468-11ee-8482-128e718ba88f,25-34,Total
f7261734-d466-11ee-8482-128e718ba88f,35-45,Total
f74a66a0-d45a-11ee-8482-128e718ba88f,35-45,Total
f757fec3-d45f-11ee-8482-128e718ba88f,Above 50,Total
f7781cc3-d467-11ee-8482-128e718ba88f,25-34,Total
f781af54-d465-11ee-8482-128e718ba88f,35-45,Total
f7c7dd08-d463-11ee-8482-128e718ba88f,25-34,Total
f88933d0-d456-11ee-8482-128e718ba88f,25-34,Total
f89d5ec4-d462-11ee-8482-128e718ba88f,25-34,Total
f96e0ebe-d461-11ee-8482-128e718ba88f,25-34,Total
fa3ba634-daa6-11ee-8482-128e718ba88f,25-34,Total
fa5941b0-d460-11ee-8482-128e718ba88f,Below 25,Total
fa6a98e1-d455-11ee-8482-128e718ba88f,25-34,Total
fa9caee2-d457-11ee-8482-128e718ba88f,25-34,Total
fb12e538-d458-11ee-8482-128e718ba88f,25-34,Total
fb2a50ed-d45e-11ee-8482-128e718ba88f,25-34,Total
fb75b92d-d45d-11ee-8482-128e718ba88f,25-34,Total
fbb8e2d3-d468-11ee-8482-128e718ba88f,Above 50,Total
fbd0ca7d-d466-11ee-8482-128e718ba88f,25-34,Total
fbe977a4-d45a-11ee-8482-128e718ba88f,25-34,Total
fc0b6ecc-d459-11ee-8482-128e718ba88f,25-34,Total
fc2bce87-d467-11ee-8482-128e718ba88f,Below 25,Total
fc3b09c3-d465-11ee-8482-128e718ba88f,Below 25,Total
fc621465-d463-11ee-8482-128e718ba88f,25-34,Total
fd2dfe1c-d45f-11ee-8482-128e718ba88f,25-34,Total
fd339b8a-d469-11ee-8482-128e718ba88f,35-45,Total
fd37046a-d462-11ee-8482-128e718ba88f,25-34,Total
fd6b120e-d456-11ee-8482-128e718ba88f,25-34,Total
fe304693-d461-11ee-8482-128e718ba88f,25-34,Total
fee8e810-d460-11ee-8482-128e718ba88f,25-34,Total
ff4aa2dd-d457-11ee-8482-128e718ba88f,Below 25,Total
ff52fc7e-d45c-11ee-8482-128e718ba88f,35-45,Total
ffeaeff2-d45e-11ee-8482-128e718ba88f,25-34,Total
00831062-d45b-11ee-8482-128e718ba88f,25-34,Intender
00ac49e8-d45a-11ee-8482-128e718ba88f,35-45,Intender
02799bc8-d457-11ee-8482-128e718ba88f,25-34,Intender
03d7b489-d456-11ee-8482-128e718ba88f,25-34,Intender
03fef10a-d458-11ee-8482-128e718ba88f,25-34,Intender
0489a46f-d459-11ee-8482-128e718ba88f,35-45,Intender
052c3775-d45b-11ee-8482-128e718ba88f,25-34,Intender
0542c06a-d45a-11ee-8482-128e718ba88f,35-45,Intender
0750a016-d457-11ee-8482-128e718ba88f,25-34,Intender
08966d9a-d456-11ee-8482-128e718ba88f,25-34,Intender
090e07a2-d458-11ee-8482-128e718ba88f,25-34,Intender
09d0e75e-d45b-11ee-8482-128e718ba88f,25-34,Intender
09ff795a-d45a-11ee-8482-128e718ba88f,25-34,Intender
0c33d64a-d457-11ee-8482-128e718ba88f,25-34,Intender
0d68f279-d456-11ee-8482-128e718ba88f,25-34,Intender
0dd63a30-d459-11ee-8482-128e718ba88f,25-34,Intender
0deea0f5-d458-11ee-8482-128e718ba88f,Below 25,Intender
0e860e7f-d45b-11ee-8482-128e718ba88f,25-34,Intender
0e977e23-d45a-11ee-8482-128e718ba88f,25-34,Intender
112970e4-d457-11ee-8482-128e718ba88f,Above 50,Intender
12199c53-d456-11ee-8482-128e718ba88f,35-45,Intender
12bf9750-d459-11ee-8482-128e718ba88f,Below 25,Intender
12cbd8e2-d458-11ee-8482-128e718ba88f,Below 25,Intender
132b9dae-d45b-11ee-8482-128e718ba88f,25-34,Intender
133544af-d45a-11ee-8482-128e718ba88f,25-34,Intender
15d38374-d457-11ee-8482-128e718ba88f,25-34,Intender
16ef95c7-d456-11ee-8482-128e718ba88f,35-45,Intender
17853d08-d458-11ee-8482-128e718ba88f,25-34,Intender
17de59ef-d45a-11ee-8482-128e718ba88f,25-34,Intender
17edc130-d45b-11ee-8482-128e718ba88f,25-34,Intender
18d74503-d459-11ee-8482-128e718ba88f,25-34,Intender
1bade5a9-d457-11ee-8482-128e718ba88f,35-45,Intender
1c10af0a-d456-11ee-8482-128e718ba88f,Above 50,Intender
1c264aa8-d458-11ee-8482-128e718ba88f,35-45,Intender
1c79b18d-d45a-11ee-8482-128e718ba88f,46-50,Intender
1d7c39f9-d459-11ee-8482-128e718ba88f,25-34,Intender
1dc025bc-d45b-11ee-8482-128e718ba88f,25-34,Intender
20666c83-d457-11ee-8482-128e718ba88f,35-45,Intender
20afea74-d456-11ee-8482-128e718ba88f,25-34,Intender
210ef39b-d45a-11ee-8482-128e718ba88f,35-45,Intender
228fbf8b-d45b-11ee-8482-128e718ba88f,Below 25,Intender
229a1e62-d459-11ee-8482-128e718ba88f,35-45,Intender
250db2a7-d457-11ee-8482-128e718ba88f,35-45,Intender
25579427-d456-11ee-8482-128e718ba88f,25-34,Intender
271c4ff8-d45b-11ee-8482-128e718ba88f,35-45,Intender
274c5993-d459-11ee-8482-128e718ba88f,Below 25,Intender
29fbe2ec-d457-11ee-8482-128e718ba88f,25-34,Intender
2a15b4bf-d456-11ee-8482-128e718ba88f,Above 50,Intender
2a563156-d45a-11ee-8482-128e718ba88f,25-34,Intender
2a99c28c-d458-11ee-8482-128e718ba88f,35-45,Intender
2baccd20-d45b-11ee-8482-128e718ba88f,25-34,Intender
2c016237-d459-11ee-8482-128e718ba88f,NA,Intender
2edbe704-e03a-11ee-8482-128e718ba88f,25-34,Intender
2ef09f25-d457-11ee-8482-128e718ba88f,25-34,Intender
2f040507-d45a-11ee-8482-128e718ba88f,Above 50,Intender
2f1c08aa-d456-11ee-8482-128e718ba88f,Above 50,Intender
2f60e73d-d458-11ee-8482-128e718ba88f,Above 50,Intender
3055b98e-d45b-11ee-8482-128e718ba88f,35-45,Intender
338da028-d45a-11ee-8482-128e718ba88f,35-45,Intender
33bbebe6-d457-11ee-8482-128e718ba88f,25-34,Intender
33eb27bf-d456-11ee-8482-128e718ba88f,35-45,Intender
33f72187-d458-11ee-8482-128e718ba88f,35-45,Intender
34fe1738-d45b-11ee-8482-128e718ba88f,25-34,Intender
35cf3d03-d459-11ee-8482-128e718ba88f,Below 25,Intender
38330606-d45a-11ee-8482-128e718ba88f,NA,Intender
38a8a678-d458-11ee-8482-128e718ba88f,Below 25,Intender
38b24099-d456-11ee-8482-128e718ba88f,35-45,Intender
3d626237-d457-11ee-8482-128e718ba88f,25-34,Intender
3df6e4bd-d45a-11ee-8482-128e718ba88f,35-45,Intender
3e3d884c-d45b-11ee-8482-128e718ba88f,25-34,Intender
3e8d874c-d458-11ee-8482-128e718ba88f,25-34,Intender
3ec57595-d456-11ee-8482-128e718ba88f,25-34,Intender
3f5ce3ac-d459-11ee-8482-128e718ba88f,Above 50,Intender
42515899-d457-11ee-8482-128e718ba88f,25-34,Intender
42a44561-d45a-11ee-8482-128e718ba88f,25-34,Intender
42c60995-d45b-11ee-8482-128e718ba88f,NA,Intender
433610b1-d458-11ee-8482-128e718ba88f,35-45,Intender
437f33fa-d456-11ee-8482-128e718ba88f,25-34,Intender
443deb80-d459-11ee-8482-128e718ba88f,25-34,Intender
47334b89-d457-11ee-8482-128e718ba88f,Below 25,Intender
4759d906-d45b-11ee-8482-128e718ba88f,25-34,Intender
475f59a2-d45a-11ee-8482-128e718ba88f,Above 50,Intender
47df1711-d458-11ee-8482-128e718ba88f,35-45,Intender
485b69da-d456-11ee-8482-128e718ba88f,25-34,Intender
4bc60ab5-d457-11ee-8482-128e718ba88f,35-45,Intender
4bfedc86-d45a-11ee-8482-128e718ba88f,25-34,Intender
4c02ddb5-d45b-11ee-8482-128e718ba88f,25-34,Intender
4c286438-dc3a-11ee-8482-128e718ba88f,46-50,Intender
4d23488d-d456-11ee-8482-128e718ba88f,25-34,Intender
4e32276f-d459-11ee-8482-128e718ba88f,25-34,Intender
505deb86-d457-11ee-8482-128e718ba88f,Below 25,Intender
50bdfd11-d45b-11ee-8482-128e718ba88f,25-34,Intender
50c8e666-d45a-11ee-8482-128e718ba88f,25-34,Intender
515e0e36-d458-11ee-8482-128e718ba88f,25-34,Intender
51e33cfb-d456-11ee-8482-128e718ba88f,NA,Intender
53541314-d459-11ee-8482-128e718ba88f,25-34,Intender
554cb08c-d457-11ee-8482-128e718ba88f,25-34,Intender
5567462d-d45a-11ee-8482-128e718ba88f,25-34,Intender
557306be-d45b-11ee-8482-128e718ba88f,35-45,Intender
560ec3ed-d458-11ee-8482-128e718ba88f,Below 25,Intender
56f86c88-d456-11ee-8482-128e718ba88f,35-45,Intender
582f6dd6-d459-11ee-8482-128e718ba88f,25-34,Intender
59ed1c24-d457-11ee-8482-128e718ba88f,25-34,Intender
5a093a50-d45a-11ee-8482-128e718ba88f,25-34,Intender
5a0f2e9f-d45b-11ee-8482-128e718ba88f,35-45,Intender
5ae16255-d458-11ee-8482-128e718ba88f,25-34,Intender
5bd327e9-d456-11ee-8482-128e718ba88f,35-45,Intender
5ce3ca33-d459-11ee-8482-128e718ba88f,46-50,Intender
5e9f2516-d45a-11ee-8482-128e718ba88f,25-34,Intender
5ea77e7f-d457-11ee-8482-128e718ba88f,25-34,Intender
5ead012a-d45b-11ee-8482-128e718ba88f,35-45,Intender
5f9d99a9-d458-11ee-8482-128e718ba88f,35-45,Intender
60afdede-d456-11ee-8482-128e718ba88f,35-45,Intender
62fb6175-d459-11ee-8482-128e718ba88f,25-34,Intender
63362e89-d45a-11ee-8482-128e718ba88f,25-34,Intender
63555175-d45b-11ee-8482-128e718ba88f,35-45,Intender
64bd426a-d457-11ee-8482-128e718ba88f,25-34,Intender
659e1b88-d456-11ee-8482-128e718ba88f,25-34,Intender
67964701-d459-11ee-8482-128e718ba88f,35-45,Intender
67f1bcc9-d45a-11ee-8482-128e718ba88f,Above 50,Intender
69210772-d458-11ee-8482-128e718ba88f,46-50,Intender
6963c7da-d45b-11ee-8482-128e718ba88f,35-45,Intender
698f712e-d457-11ee-8482-128e718ba88f,25-34,Intender
6a2f0628-d456-11ee-8482-128e718ba88f,Above 50,Intender
6c6809eb-d459-11ee-8482-128e718ba88f,Below 25,Intender
6c9d255d-d45a-11ee-8482-128e718ba88f,25-34,Intender
6de874b5-d458-11ee-8482-128e718ba88f,46-50,Intender
6e177f78-d45b-11ee-8482-128e718ba88f,Below 25,Intender
6e447f94-d457-11ee-8482-128e718ba88f,35-45,Intender
6ef2dece-d456-11ee-8482-128e718ba88f,25-34,Intender
7129a985-d459-11ee-8482-128e718ba88f,35-45,Intender
714fe1c0-d45a-11ee-8482-128e718ba88f,25-34,Intender
7310aa84-d457-11ee-8482-128e718ba88f,Above 50,Intender
739900af-d456-11ee-8482-128e718ba88f,35-45,Intender
75e99740-d45a-11ee-8482-128e718ba88f,35-45,Intender
75ef12a7-d459-11ee-8482-128e718ba88f,25-34,Intender
776a8a77-d45b-11ee-8482-128e718ba88f,NA,Intender
7793a740-d458-11ee-8482-128e718ba88f,35-45,Intender
77cc61b5-d457-11ee-8482-128e718ba88f,25-34,Intender
78447ee8-d456-11ee-8482-128e718ba88f,Below 25,Intender
7aad1dbd-d459-11ee-8482-128e718ba88f,35-45,Intender
7ab0aeaa-d45a-11ee-8482-128e718ba88f,35-45,Intender
7c3881ac-d45b-11ee-8482-128e718ba88f,Above 50,Intender
7c3c5380-d458-11ee-8482-128e718ba88f,25-34,Intender
7c7be353-d457-11ee-8482-128e718ba88f,25-34,Intender
7d0b764a-d456-11ee-8482-128e718ba88f,35-45,Intender
7f7f9e0e-d45a-11ee-8482-128e718ba88f,35-45,Intender
80ec13c7-d458-11ee-8482-128e718ba88f,35-45,Intender
8111d15f-d457-11ee-8482-128e718ba88f,Below 25,Intender
820d7f0b-d456-11ee-8482-128e718ba88f,25-34,Intender
842856f4-d459-11ee-8482-128e718ba88f,25-34,Intender
84398185-d45a-11ee-8482-128e718ba88f,35-45,Intender
85947032-d45b-11ee-8482-128e718ba88f,25-34,Intender
85e0c7d0-d457-11ee-8482-128e718ba88f,Below 25,Intender
86f8dfdc-d458-11ee-8482-128e718ba88f,Below 25,Intender
88ead08f-d459-11ee-8482-128e718ba88f,Below 25,Intender
8a359cab-d45b-11ee-8482-128e718ba88f,25-34,Intender
8a4db6cd-d45a-11ee-8482-128e718ba88f,25-34,Intender
8aa7ea7d-d457-11ee-8482-128e718ba88f,35-45,Intender
8bb5355b-d458-11ee-8482-128e718ba88f,Below 25,Intender
8d387336-d456-11ee-8482-128e718ba88f,25-34,Intender
8d877f8c-d459-11ee-8482-128e718ba88f,Below 25,Intender
8ecdc8c5-df7e-11ee-8482-128e718ba88f,25-34,Intender
8ee4af51-d45b-11ee-8482-128e718ba88f,25-34,Intender
8f11c4c0-d45a-11ee-8482-128e718ba88f,35-45,Intender
8f5e6ac5-d457-11ee-8482-128e718ba88f,35-45,Intender
90544106-d458-11ee-8482-128e718ba88f,35-45,Intender
923b03e9-d459-11ee-8482-128e718ba88f,46-50,Intender
93bb89a4-d45b-11ee-8482-128e718ba88f,25-34,Intender
9428efc6-d457-11ee-8482-128e718ba88f,25-34,Intender
950ff9b0-d458-11ee-8482-128e718ba88f,Below 25,Intender
96ecf859-d456-11ee-8482-128e718ba88f,Below 25,Intender
96f00d83-d459-11ee-8482-128e718ba88f,Above 50,Intender
9864efdd-d45b-11ee-8482-128e718ba88f,25-34,Intender
98a115c3-d45a-11ee-8482-128e718ba88f,25-34,Intender
98be08af-d457-11ee-8482-128e718ba88f,25-34,Intender
99c9bc92-d458-11ee-8482-128e718ba88f,35-45,Intender
9b8ff48b-d459-11ee-8482-128e718ba88f,35-45,Intender
9bb8fe06-d456-11ee-8482-128e718ba88f,25-34,Intender
9d4f4c86-d45b-11ee-8482-128e718ba88f,25-34,Intender
9d588452-d45a-11ee-8482-128e718ba88f,NA,Intender
9e9aff5e-d458-11ee-8482-128e718ba88f,Above 50,Intender
a01c7a57-d459-11ee-8482-128e718ba88f,46-50,Intender
a0a5c1e7-d456-11ee-8482-128e718ba88f,25-34,Intender
a2051107-d45a-11ee-8482-128e718ba88f,35-45,Intender
a22d4e14-d45b-11ee-8482-128e718ba88f,25-34,Intender
a24758f3-d457-11ee-8482-128e718ba88f,35-45,Intender
a35e0381-d458-11ee-8482-128e718ba88f,25-34,Intender
a4b30ffe-d459-11ee-8482-128e718ba88f,46-50,Intender
a59ba836-d456-11ee-8482-128e718ba88f,35-45,Intender
a6a4da5f-d45a-11ee-8482-128e718ba88f,Below 25,Intender
a6bd62ce-d45b-11ee-8482-128e718ba88f,25-34,Intender
a831a816-d458-11ee-8482-128e718ba88f,25-34,Intender
aa6d9c22-d456-11ee-8482-128e718ba88f,25-34,Intender
aa88fdc6-d459-11ee-8482-128e718ba88f,35-45,Intender
ab4fba0c-d45a-11ee-8482-128e718ba88f,35-45,Intender
ab63613b-d45b-11ee-8482-128e718ba88f,35-45,Intender
acca0800-d457-11ee-8482-128e718ba88f,25-34,Intender
acf309b6-d458-11ee-8482-128e718ba88f,35-45,Intender
af0cfa52-d455-11ee-8482-128e718ba88f,25-34,Intender
af2a6f9b-d456-11ee-8482-128e718ba88f,Below 25,Intender
af425f28-d459-11ee-8482-128e718ba88f,35-45,Intender
b018b497-d45a-11ee-8482-128e718ba88f,35-45,Intender
b13f3391-d45b-11ee-8482-128e718ba88f,35-45,Intender
b1a4381d-d457-11ee-8482-128e718ba88f,25-34,Intender
b1e24d32-d458-11ee-8482-128e718ba88f,25-34,Intender
b3e06335-d459-11ee-8482-128e718ba88f,25-34,Intender
b3f57b08-d455-11ee-8482-128e718ba88f,25-34,Intender
b40b63bb-d456-11ee-8482-128e718ba88f,Below 25,Intender
b4ea2b75-d45a-11ee-8482-128e718ba88f,25-34,Intender
b6008ff2-d45b-11ee-8482-128e718ba88f,35-45,Intender
b6786f8a-d458-11ee-8482-128e718ba88f,Below 25,Intender
b6940429-d457-11ee-8482-128e718ba88f,35-45,Intender
b8a30c6f-d459-11ee-8482-128e718ba88f,46-50,Intender
b90e9263-d456-11ee-8482-128e718ba88f,25-34,Intender
b9a225ff-d45a-11ee-8482-128e718ba88f,25-34,Intender
bd68dd17-d455-11ee-8482-128e718ba88f,25-34,Intender
bd71588a-d459-11ee-8482-128e718ba88f,Below 25,Intender
bde5cb36-d456-11ee-8482-128e718ba88f,25-34,Intender
c03b81a1-d457-11ee-8482-128e718ba88f,35-45,Intender
c2097547-d455-11ee-8482-128e718ba88f,25-34,Intender
c2a41b32-d456-11ee-8482-128e718ba88f,35-45,Intender
c3107f46-d459-11ee-8482-128e718ba88f,25-34,Intender
c31ea78c-d45a-11ee-8482-128e718ba88f,25-34,Intender
c5378600-d458-11ee-8482-128e718ba88f,Below 25,Intender
c6bca6c4-d455-11ee-8482-128e718ba88f,25-34,Intender
c7aef228-d45a-11ee-8482-128e718ba88f,25-34,Intender
c7af7e43-d456-11ee-8482-128e718ba88f,Below 25,Intender
c7cac34d-d459-11ee-8482-128e718ba88f,35-45,Intender
c9b29796-d457-11ee-8482-128e718ba88f,25-34,Intender
ca0d1823-d458-11ee-8482-128e718ba88f,Below 25,Intender
cbbc5541-d455-11ee-8482-128e718ba88f,25-34,Intender
cc52f11c-d45a-11ee-8482-128e718ba88f,25-34,Intender
cc64734d-d459-11ee-8482-128e718ba88f,25-34,Intender
cc74c3ca-d456-11ee-8482-128e718ba88f,35-45,Intender
ce683105-d457-11ee-8482-128e718ba88f,25-34,Intender
d03f4e11-d458-11ee-8482-128e718ba88f,35-45,Intender
d10a821b-d459-11ee-8482-128e718ba88f,25-34,Intender
d116a308-df75-11ee-8482-128e718ba88f,25-34,Intender
d21036a3-d455-11ee-8482-128e718ba88f,35-45,Intender
d255cf42-d45a-11ee-8482-128e718ba88f,25-34,Intender
d26e2aff-d456-11ee-8482-128e718ba88f,25-34,Intender
d3290b4a-d457-11ee-8482-128e718ba88f,25-34,Intender
d4e7d493-d458-11ee-8482-128e718ba88f,NA,Intender
d5e6e214-d459-11ee-8482-128e718ba88f,25-34,Intender
d6ef61fc-d45a-11ee-8482-128e718ba88f,35-45,Intender
d711ed46-d456-11ee-8482-128e718ba88f,25-34,Intender
d7ab4f87-d455-11ee-8482-128e718ba88f,35-45,Intender
d7cd7ad2-d457-11ee-8482-128e718ba88f,Below 25,Intender
d9ad26fc-d458-11ee-8482-128e718ba88f,Below 25,Intender
da87d625-d459-11ee-8482-128e718ba88f,46-50,Intender
db982949-d45a-11ee-8482-128e718ba88f,35-45,Intender
dbd72fe4-d456-11ee-8482-128e718ba88f,Above 50,Intender
dc9a2609-d457-11ee-8482-128e718ba88f,25-34,Intender
dcea33b0-e034-11ee-8482-128e718ba88f,35-45,Intender
dedfa8ef-d458-11ee-8482-128e718ba88f,35-45,Intender
df1337fa-d459-11ee-8482-128e718ba88f,25-34,Intender
e02da7a1-d45a-11ee-8482-128e718ba88f,Below 25,Intender
e08d4f9e-d456-11ee-8482-128e718ba88f,25-34,Intender
e1991c24-d455-11ee-8482-128e718ba88f,25-34,Intender
e3706382-d458-11ee-8482-128e718ba88f,25-34,Intender
e4be28fa-d45a-11ee-8482-128e718ba88f,25-34,Intender
e52dedfe-d456-11ee-8482-128e718ba88f,35-45,Intender
e5febae2-d457-11ee-8482-128e718ba88f,25-34,Intender
e646d556-d455-11ee-8482-128e718ba88f,Above 50,Intender
e805ddcb-d458-11ee-8482-128e718ba88f,35-45,Intender
e8695465-d459-11ee-8482-128e718ba88f,25-34,Intender
e95dd768-d45a-11ee-8482-128e718ba88f,25-34,Intender
ea3fd059-d456-11ee-8482-128e718ba88f,35-45,Intender
eacb2907-d457-11ee-8482-128e718ba88f,NA,Intender
eb0db72e-d455-11ee-8482-128e718ba88f,35-45,Intender
ed0d23fc-d459-11ee-8482-128e718ba88f,25-34,Intender
ee05517c-d45a-11ee-8482-128e718ba88f,25-34,Intender
eee03e11-d456-11ee-8482-128e718ba88f,35-45,Intender
efc48eda-d457-11ee-8482-128e718ba88f,25-34,Intender
efe210d7-d455-11ee-8482-128e718ba88f,NA,Intender
f14ecbf6-d458-11ee-8482-128e718ba88f,Above 50,Intender
f2a90630-d45a-11ee-8482-128e718ba88f,25-34,Intender
f2df25d8-d459-11ee-8482-128e718ba88f,25-34,Intender
f3940391-d456-11ee-8482-128e718ba88f,25-34,Intender
f5c47a32-d457-11ee-8482-128e718ba88f,35-45,Intender
f5cadf97-d455-11ee-8482-128e718ba88f,46-50,Intender
f6697002-d458-11ee-8482-128e718ba88f,35-45,Intender
f74a66a0-d45a-11ee-8482-128e718ba88f,35-45,Intender
f88933d0-d456-11ee-8482-128e718ba88f,25-34,Intender
fa6a98e1-d455-11ee-8482-128e718ba88f,25-34,Intender
fa9caee2-d457-11ee-8482-128e718ba88f,25-34,Intender
fb12e538-d458-11ee-8482-128e718ba88f,25-34,Intender
fbe977a4-d45a-11ee-8482-128e718ba88f,25-34,Intender
fc0b6ecc-d459-11ee-8482-128e718ba88f,25-34,Intender
fd6b120e-d456-11ee-8482-128e718ba88f,25-34,Intender
ff4aa2dd-d457-11ee-8482-128e718ba88f,Below 25,Intender
0030b069-d45e-11ee-8482-128e718ba88f,25-34,Owner
011c0f25-d464-11ee-8482-128e718ba88f,Above 50,Owner
01bc1864-d460-11ee-8482-128e718ba88f,Below 25,Owner
01d3d123-d463-11ee-8482-128e718ba88f,25-34,Owner
02c48abe-d462-11ee-8482-128e718ba88f,25-34,Owner
0386bd41-d461-11ee-8482-128e718ba88f,Above 50,Owner
04101eaa-d45d-11ee-8482-128e718ba88f,35-45,Owner
04b96ecf-d45f-11ee-8482-128e718ba88f,Above 50,Owner
04dc85ee-d45e-11ee-8482-128e718ba88f,Above 50,Owner
05afd1b3-d464-11ee-8482-128e718ba88f,46-50,Owner
065ca102-d460-11ee-8482-128e718ba88f,35-45,Owner
0683e76d-d463-11ee-8482-128e718ba88f,Below 25,Owner
082c1f4e-d461-11ee-8482-128e718ba88f,25-34,Owner
08a0d645-d462-11ee-8482-128e718ba88f,25-34,Owner
08cfdab0-d45d-11ee-8482-128e718ba88f,35-45,Owner
094e43c5-d45f-11ee-8482-128e718ba88f,35-45,Owner
0998202f-d45e-11ee-8482-128e718ba88f,25-34,Owner
0a5bd0ff-d464-11ee-8482-128e718ba88f,35-45,Owner
0b0a89a1-d460-11ee-8482-128e718ba88f,25-34,Owner
0b3e7a76-d463-11ee-8482-128e718ba88f,35-45,Owner
0ca120bb-e02f-11ee-8482-128e718ba88f,NA,Owner
0cca150c-d461-11ee-8482-128e718ba88f,Below 25,Owner
0d5b8212-d462-11ee-8482-128e718ba88f,35-45,Owner
0e077cb4-d45f-11ee-8482-128e718ba88f,35-45,Owner
0e31a19d-d45e-11ee-8482-128e718ba88f,46-50,Owner
0ef573da-d464-11ee-8482-128e718ba88f,25-34,Owner
0f9aea5f-d460-11ee-8482-128e718ba88f,25-34,Owner
0fd8a893-d463-11ee-8482-128e718ba88f,25-34,Owner
117a4c9d-d461-11ee-8482-128e718ba88f,25-34,Owner
11eb3cab-d462-11ee-8482-128e718ba88f,25-34,Owner
12c7095e-d45e-11ee-8482-128e718ba88f,35-45,Owner
12c716fb-d45f-11ee-8482-128e718ba88f,35-45,Owner
1363c534-d45d-11ee-8482-128e718ba88f,25-34,Owner
14376204-d460-11ee-8482-128e718ba88f,25-34,Owner
1474a4e8-d463-11ee-8482-128e718ba88f,35-45,Owner
14e4d189-d464-11ee-8482-128e718ba88f,Below 25,Owner
16167ec2-d461-11ee-8482-128e718ba88f,25-34,Owner
16847a11-d462-11ee-8482-128e718ba88f,25-34,Owner
17606b7b-d45e-11ee-8482-128e718ba88f,Below 25,Owner
17769adf-d45f-11ee-8482-128e718ba88f,25-34,Owner
17f37041-d45d-11ee-8482-128e718ba88f,25-34,Owner
18d75214-d460-11ee-8482-128e718ba88f,Above 50,Owner
193b87c7-d463-11ee-8482-128e718ba88f,46-50,Owner
198d5cbe-d464-11ee-8482-128e718ba88f,Above 50,Owner
1ac29c2d-d461-11ee-8482-128e718ba88f,Below 25,Owner
1b1b1acd-d462-11ee-8482-128e718ba88f,35-45,Owner
1c252df3-d45e-11ee-8482-128e718ba88f,25-34,Owner
1c91774e-d45d-11ee-8482-128e718ba88f,Below 25,Owner
1d848ec1-d45f-11ee-8482-128e718ba88f,25-34,Owner
1db3b430-d460-11ee-8482-128e718ba88f,25-34,Owner
1dd58ec0-d463-11ee-8482-128e718ba88f,25-34,Owner
1e37bb68-d464-11ee-8482-128e718ba88f,35-45,Owner
1f679d9f-d461-11ee-8482-128e718ba88f,Below 25,Owner
1fb171d4-d462-11ee-8482-128e718ba88f,Below 25,Owner
20c44075-d45e-11ee-8482-128e718ba88f,35-45,Owner
212bf65f-d45d-11ee-8482-128e718ba88f,35-45,Owner
223ffc15-d45f-11ee-8482-128e718ba88f,25-34,Owner
2275a46d-d460-11ee-8482-128e718ba88f,25-34,Owner
22773487-d463-11ee-8482-128e718ba88f,46-50,Owner
22c59726-d464-11ee-8482-128e718ba88f,25-34,Owner
23f77d61-d461-11ee-8482-128e718ba88f,25-34,Owner
2445dd5f-d462-11ee-8482-128e718ba88f,25-34,Owner
255d84ae-d45e-11ee-8482-128e718ba88f,25-34,Owner
25b85f72-d45d-11ee-8482-128e718ba88f,Below 25,Owner
26ed3bd4-d45f-11ee-8482-128e718ba88f,35-45,Owner
2719fc13-d460-11ee-8482-128e718ba88f,25-34,Owner
27246dd2-d463-11ee-8482-128e718ba88f,35-45,Owner
276462ff-d464-11ee-8482-128e718ba88f,35-45,Owner
28fa8654-d462-11ee-8482-128e718ba88f,25-34,Owner
29c5b4f1-d461-11ee-8482-128e718ba88f,35-45,Owner
2a15297f-d45e-11ee-8482-128e718ba88f,Below 25,Owner
2a56758b-d45d-11ee-8482-128e718ba88f,Above 50,Owner
2ab3e52d-d6d0-11ee-8482-128e718ba88f,25-34,Owner
2ba12c9b-d45f-11ee-8482-128e718ba88f,25-34,Owner
2bc312aa-d463-11ee-8482-128e718ba88f,25-34,Owner
2c487ec5-d464-11ee-8482-128e718ba88f,25-34,Owner
2d9686e4-d462-11ee-8482-128e718ba88f,25-34,Owner
2e65f44d-d461-11ee-8482-128e718ba88f,25-34,Owner
2ef7ca60-d45d-11ee-8482-128e718ba88f,25-34,Owner
3059664f-d463-11ee-8482-128e718ba88f,25-34,Owner
3076640d-d45f-11ee-8482-128e718ba88f,Below 25,Owner
30a0f60a-d45c-11ee-8482-128e718ba88f,25-34,Owner
31327e1c-d464-11ee-8482-128e718ba88f,Below 25,Owner
3230b477-d462-11ee-8482-128e718ba88f,Above 50,Owner
334651f6-d45e-11ee-8482-128e718ba88f,25-34,Owner
33918fa0-d45d-11ee-8482-128e718ba88f,Above 50,Owner
350aa422-d460-11ee-8482-128e718ba88f,25-34,Owner
351df04a-d45f-11ee-8482-128e718ba88f,Above 50,Owner
35397511-d45c-11ee-8482-128e718ba88f,35-45,Owner
35c39a77-d464-11ee-8482-128e718ba88f,25-34,Owner
3647bda1-d463-11ee-8482-128e718ba88f,25-34,Owner
36d2ca81-d462-11ee-8482-128e718ba88f,25-34,Owner
37ac0fe4-d461-11ee-8482-128e718ba88f,25-34,Owner
3832ed85-d45d-11ee-8482-128e718ba88f,Above 50,Owner
39c80805-d460-11ee-8482-128e718ba88f,Above 50,Owner
39cb9060-d45f-11ee-8482-128e718ba88f,35-45,Owner
3a1de90c-d45c-11ee-8482-128e718ba88f,Above 50,Owner
3a5e418f-d464-11ee-8482-128e718ba88f,Above 50,Owner
3acff440-d463-11ee-8482-128e718ba88f,Above 50,Owner
3b7a866a-d462-11ee-8482-128e718ba88f,25-34,Owner
3c495c49-d461-11ee-8482-128e718ba88f,25-34,Owner
3ce2f6f4-d45d-11ee-8482-128e718ba88f,46-50,Owner
3dc8d58f-d45e-11ee-8482-128e718ba88f,Below 25,Owner
3e70d14a-d460-11ee-8482-128e718ba88f,35-45,Owner
3e9357a5-d45f-11ee-8482-128e718ba88f,35-45,Owner
3ebb5e8c-d45c-11ee-8482-128e718ba88f,35-45,Owner
3ef2757a-d464-11ee-8482-128e718ba88f,25-34,Owner
3f6a2642-d463-11ee-8482-128e718ba88f,25-34,Owner
4018f3e5-d462-11ee-8482-128e718ba88f,Below 25,Owner
40e90734-d461-11ee-8482-128e718ba88f,Below 25,Owner
42821f0a-d45e-11ee-8482-128e718ba88f,46-50,Owner
42f6ec02-df77-11ee-8482-128e718ba88f,25-34,Owner
4330196d-d460-11ee-8482-128e718ba88f,Above 50,Owner
434b54b7-d45f-11ee-8482-128e718ba88f,35-45,Owner
43541db1-d45c-11ee-8482-128e718ba88f,Above 50,Owner
44017cac-d463-11ee-8482-128e718ba88f,46-50,Owner
44b23424-d462-11ee-8482-128e718ba88f,Below 25,Owner
4589ee5d-d461-11ee-8482-128e718ba88f,Below 25,Owner
470e3e00-d45e-11ee-8482-128e718ba88f,35-45,Owner
47e3f6a7-d45c-11ee-8482-128e718ba88f,35-45,Owner
47e4317d-d45f-11ee-8482-128e718ba88f,25-34,Owner
484049ef-d464-11ee-8482-128e718ba88f,35-45,Owner
48a58e92-d463-11ee-8482-128e718ba88f,Below 25,Owner
493ecba9-d460-11ee-8482-128e718ba88f,NA,Owner
4969648c-d462-11ee-8482-128e718ba88f,25-34,Owner
4a552d4e-d461-11ee-8482-128e718ba88f,Below 25,Owner
4b248d45-d45d-11ee-8482-128e718ba88f,Above 50,Owner
4b967deb-d45e-11ee-8482-128e718ba88f,35-45,Owner
4c74a8fb-d45c-11ee-8482-128e718ba88f,25-34,Owner
4ce12271-d464-11ee-8482-128e718ba88f,35-45,Owner
4d4ac7d2-d463-11ee-8482-128e718ba88f,25-34,Owner
4e091e80-d460-11ee-8482-128e718ba88f,Below 25,Owner
4e26991e-d462-11ee-8482-128e718ba88f,Below 25,Owner
4ee8e349-d461-11ee-8482-128e718ba88f,35-45,Owner
4fb0692f-d45d-11ee-8482-128e718ba88f,Above 50,Owner
5115b772-d45f-11ee-8482-128e718ba88f,Above 50,Owner
516b5cce-d464-11ee-8482-128e718ba88f,35-45,Owner
52c37bba-d460-11ee-8482-128e718ba88f,Above 50,Owner
538aed70-d461-11ee-8482-128e718ba88f,Below 25,Owner
5402a807-d462-11ee-8482-128e718ba88f,46-50,Owner
54dc428c-d45e-11ee-8482-128e718ba88f,25-34,Owner
55a92484-d45c-11ee-8482-128e718ba88f,Above 50,Owner
561ca872-d464-11ee-8482-128e718ba88f,25-34,Owner
5690fbc9-d463-11ee-8482-128e718ba88f,25-34,Owner
578587f6-d460-11ee-8482-128e718ba88f,35-45,Owner
587aebb6-d461-11ee-8482-128e718ba88f,25-34,Owner
58a452d4-d462-11ee-8482-128e718ba88f,Below 25,Owner
58f7e697-d45d-11ee-8482-128e718ba88f,35-45,Owner
5987d00c-d45e-11ee-8482-128e718ba88f,25-34,Owner
5a453b41-d45c-11ee-8482-128e718ba88f,35-45,Owner
5a5d07b1-d45f-11ee-8482-128e718ba88f,35-45,Owner
5aae51a5-d464-11ee-8482-128e718ba88f,35-45,Owner
5d17e532-d461-11ee-8482-128e718ba88f,Above 50,Owner
5d46be0b-d462-11ee-8482-128e718ba88f,25-34,Owner
5dc32106-d460-11ee-8482-128e718ba88f,35-45,Owner
5e3b2808-d45e-11ee-8482-128e718ba88f,35-45,Owner
5eb8a87f-d45d-11ee-8482-128e718ba88f,35-45,Owner
5eeb63fa-d45f-11ee-8482-128e718ba88f,35-45,Owner
5fbe7f2f-d463-11ee-8482-128e718ba88f,Below 25,Owner
60795ab2-d464-11ee-8482-128e718ba88f,Below 25,Owner
61e22fe3-d462-11ee-8482-128e718ba88f,25-34,Owner
61e26e45-d461-11ee-8482-128e718ba88f,35-45,Owner
627dd833-df7b-11ee-8482-128e718ba88f,35-45,Owner
62c69820-d45e-11ee-8482-128e718ba88f,25-34,Owner
6331b798-d460-11ee-8482-128e718ba88f,35-45,Owner
636d4b16-d45d-11ee-8482-128e718ba88f,35-45,Owner
6378eb4c-d45c-11ee-8482-128e718ba88f,25-34,Owner
638d7f8b-d45f-11ee-8482-128e718ba88f,25-34,Owner
645bb4f3-d463-11ee-8482-128e718ba88f,25-34,Owner
6525e8ec-d464-11ee-8482-128e718ba88f,35-45,Owner
6673faea-d462-11ee-8482-128e718ba88f,25-34,Owner
6687f068-d461-11ee-8482-128e718ba88f,25-34,Owner
676a8d06-d45e-11ee-8482-128e718ba88f,35-45,Owner
67e33fc9-d460-11ee-8482-128e718ba88f,35-45,Owner
67fe941e-d45d-11ee-8482-128e718ba88f,46-50,Owner
680f70c3-d45c-11ee-8482-128e718ba88f,25-34,Owner
68f420e5-d463-11ee-8482-128e718ba88f,25-34,Owner
697ec8b5-d45f-11ee-8482-128e718ba88f,25-34,Owner
69cf84e6-d464-11ee-8482-128e718ba88f,35-45,Owner
6ab67c6b-e0f3-11ee-8482-128e718ba88f,Above 50,Owner
6b0983dc-d462-11ee-8482-128e718ba88f,35-45,Owner
6b521017-d461-11ee-8482-128e718ba88f,Below 25,Owner
6c15772d-d45e-11ee-8482-128e718ba88f,46-50,Owner
6c7ed45d-d460-11ee-8482-128e718ba88f,25-34,Owner
6cb0d927-d45c-11ee-8482-128e718ba88f,Above 50,Owner
6cb11475-d45d-11ee-8482-128e718ba88f,35-45,Owner
6d806026-d463-11ee-8482-128e718ba88f,Above 50,Owner
6e16e94e-d45f-11ee-8482-128e718ba88f,35-45,Owner
6e6ec69d-d464-11ee-8482-128e718ba88f,25-34,Owner
6fb64bdb-d462-11ee-8482-128e718ba88f,25-34,Owner
6fee32b2-d461-11ee-8482-128e718ba88f,35-45,Owner
712d11ce-d460-11ee-8482-128e718ba88f,NA,Owner
714603f1-d45d-11ee-8482-128e718ba88f,35-45,Owner
7169427a-d45c-11ee-8482-128e718ba88f,35-45,Owner
7212c38f-d463-11ee-8482-128e718ba88f,46-50,Owner
72bd76dd-d45f-11ee-8482-128e718ba88f,25-34,Owner
73120a4d-d464-11ee-8482-128e718ba88f,46-50,Owner
75839b61-d45e-11ee-8482-128e718ba88f,Above 50,Owner
75d40525-d460-11ee-8482-128e718ba88f,35-45,Owner
75d42bc3-d461-11ee-8482-128e718ba88f,25-34,Owner
761e8251-d45c-11ee-8482-128e718ba88f,35-45,Owner
76201a58-d45d-11ee-8482-128e718ba88f,35-45,Owner
76eb7a41-e0ef-11ee-8482-128e718ba88f,25-34,Owner
77505eae-d45f-11ee-8482-128e718ba88f,25-34,Owner
77b51c00-df62-11ee-8482-128e718ba88f,35-45,Owner
78f06d98-d462-11ee-8482-128e718ba88f,35-45,Owner
7a203889-d45e-11ee-8482-128e718ba88f,Below 25,Owner
7a7217ae-d460-11ee-8482-128e718ba88f,35-45,Owner
7abc5cbc-d45d-11ee-8482-128e718ba88f,Below 25,Owner
7be28f73-df61-11ee-8482-128e718ba88f,35-45,Owner
7beac703-d45c-11ee-8482-128e718ba88f,25-34,Owner
7bed5359-d45f-11ee-8482-128e718ba88f,Above 50,Owner
7c53692c-d464-11ee-8482-128e718ba88f,35-45,Owner
7d87f2cb-d462-11ee-8482-128e718ba88f,25-34,Owner
7ecf348f-d45e-11ee-8482-128e718ba88f,35-45,Owner
7f269498-d461-11ee-8482-128e718ba88f,25-34,Owner
807ab177-d45f-11ee-8482-128e718ba88f,35-45,Owner
808ed4c9-d45c-11ee-8482-128e718ba88f,35-45,Owner
80aae686-d6cf-11ee-8482-128e718ba88f,Below 25,Owner
80ecdd56-d464-11ee-8482-128e718ba88f,25-34,Owner
824c63de-d462-11ee-8482-128e718ba88f,25-34,Owner
8370804c-d45e-11ee-8482-128e718ba88f,25-34,Owner
83cb87d0-d460-11ee-8482-128e718ba88f,35-45,Owner
83cba46f-d461-11ee-8482-128e718ba88f,25-34,Owner
83f07efe-d45d-11ee-8482-128e718ba88f,25-34,Owner
85274f14-d45c-11ee-8482-128e718ba88f,Above 50,Owner
853daaa9-d45f-11ee-8482-128e718ba88f,Below 25,Owner
858b8ad9-d464-11ee-8482-128e718ba88f,Below 25,Owner
86373439-d463-11ee-8482-128e718ba88f,35-45,Owner
86e373a9-d462-11ee-8482-128e718ba88f,25-34,Owner
886b9538-d460-11ee-8482-128e718ba88f,NA,Owner
8870910c-d461-11ee-8482-128e718ba88f,Above 50,Owner
887f20a0-d45d-11ee-8482-128e718ba88f,25-34,Owner
8967457d-d45e-11ee-8482-128e718ba88f,35-45,Owner
89dcc887-d45f-11ee-8482-128e718ba88f,35-45,Owner
89e247b4-d45c-11ee-8482-128e718ba88f,Above 50,Owner
8a3ba67d-d464-11ee-8482-128e718ba88f,Above 50,Owner
8adbf124-d463-11ee-8482-128e718ba88f,25-34,Owner
8b819ce0-d462-11ee-8482-128e718ba88f,Above 50,Owner
8d0e9804-d461-11ee-8482-128e718ba88f,25-34,Owner
8d253349-d45d-11ee-8482-128e718ba88f,25-34,Owner
8e15f41f-d45e-11ee-8482-128e718ba88f,Below 25,Owner
8e8350e0-d45c-11ee-8482-128e718ba88f,25-34,Owner
8ea3f727-d45f-11ee-8482-128e718ba88f,25-34,Owner
8f317d89-d464-11ee-8482-128e718ba88f,35-45,Owner
8f92b32a-d463-11ee-8482-128e718ba88f,NA,Owner
900f0481-d462-11ee-8482-128e718ba88f,35-45,Owner
91a22918-d461-11ee-8482-128e718ba88f,Above 50,Owner
91d6e0c3-d45d-11ee-8482-128e718ba88f,25-34,Owner
92d6746f-d45e-11ee-8482-128e718ba88f,35-45,Owner
92ece755-d460-11ee-8482-128e718ba88f,35-45,Owner
9345c72c-d45c-11ee-8482-128e718ba88f,25-34,Owner
93bf7207-d464-11ee-8482-128e718ba88f,Above 50,Owner
93c391ef-d45f-11ee-8482-128e718ba88f,25-34,Owner
944dd86c-d463-11ee-8482-128e718ba88f,25-34,Owner
949e1d3b-d462-11ee-8482-128e718ba88f,25-34,Owner
9641e17a-d461-11ee-8482-128e718ba88f,Above 50,Owner
9664874e-d45d-11ee-8482-128e718ba88f,Above 50,Owner
979949a5-d45e-11ee-8482-128e718ba88f,25-34,Owner
97e9905e-d45c-11ee-8482-128e718ba88f,Above 50,Owner
9858e203-d45f-11ee-8482-128e718ba88f,Below 25,Owner
985e5989-d464-11ee-8482-128e718ba88f,25-34,Owner
98ec4088-d463-11ee-8482-128e718ba88f,25-34,Owner
9945d124-d462-11ee-8482-128e718ba88f,35-45,Owner
9ad4e535-d461-11ee-8482-128e718ba88f,Above 50,Owner
9b213650-d45d-11ee-8482-128e718ba88f,Below 25,Owner
9c39610e-d460-11ee-8482-128e718ba88f,NA,Owner
9cb41e5b-d45c-11ee-8482-128e718ba88f,NA,Owner
9cf1d3d4-d464-11ee-8482-128e718ba88f,Below 25,Owner
9cf7e859-d45f-11ee-8482-128e718ba88f,Above 50,Owner
9da761ad-d463-11ee-8482-128e718ba88f,35-45,Owner
9f0ca899-d462-11ee-8482-128e718ba88f,Below 25,Owner
9f705bcb-d461-11ee-8482-128e718ba88f,35-45,Owner
9feb9ea1-d45d-11ee-8482-128e718ba88f,Below 25,Owner
a0d252ff-d460-11ee-8482-128e718ba88f,25-34,Owner
a0fe4153-d45e-11ee-8482-128e718ba88f,Below 25,Owner
a115eb0e-e025-11ee-8482-128e718ba88f,25-34,Owner
a19e97cf-d464-11ee-8482-128e718ba88f,46-50,Owner
a1b42202-e029-11ee-8482-128e718ba88f,35-45,Owner
a1badc52-d45f-11ee-8482-128e718ba88f,35-45,Owner
a246665c-d463-11ee-8482-128e718ba88f,Below 25,Owner
a3b66448-d462-11ee-8482-128e718ba88f,46-50,Owner
a411bb11-d461-11ee-8482-128e718ba88f,35-45,Owner
a48e8892-d45d-11ee-8482-128e718ba88f,Below 25,Owner
a577ae99-d460-11ee-8482-128e718ba88f,Below 25,Owner
a605d6d1-d45c-11ee-8482-128e718ba88f,NA,Owner
a6394931-d464-11ee-8482-128e718ba88f,25-34,Owner
a65f64e6-d45f-11ee-8482-128e718ba88f,35-45,Owner
a6df04ea-d463-11ee-8482-128e718ba88f,25-34,Owner
a85838c9-d462-11ee-8482-128e718ba88f,Above 50,Owner
a8a98618-d461-11ee-8482-128e718ba88f,Above 50,Owner
aa3974a7-d460-11ee-8482-128e718ba88f,35-45,Owner
aa57a44f-d45d-11ee-8482-128e718ba88f,35-45,Owner
aa654dd7-d45e-11ee-8482-128e718ba88f,25-34,Owner
aacc6445-d45c-11ee-8482-128e718ba88f,35-45,Owner
ab64c978-d45f-11ee-8482-128e718ba88f,35-45,Owner
ab76997e-d463-11ee-8482-128e718ba88f,Above 50,Owner
ac036c66-d464-11ee-8482-128e718ba88f,46-50,Owner
ace8ebf8-d462-11ee-8482-128e718ba88f,35-45,Owner
ad5e0806-d461-11ee-8482-128e718ba88f,35-45,Owner
aee8c479-d460-11ee-8482-128e718ba88f,25-34,Owner
aefd1b99-d45d-11ee-8482-128e718ba88f,25-34,Owner
af208d6c-d45e-11ee-8482-128e718ba88f,Below 25,Owner
af7920fb-d45c-11ee-8482-128e718ba88f,35-45,Owner
b02706a6-d463-11ee-8482-128e718ba88f,25-34,Owner
b0947134-d464-11ee-8482-128e718ba88f,35-45,Owner
b13df960-d45f-11ee-8482-128e718ba88f,35-45,Owner
b16f0ec3-df60-11ee-8482-128e718ba88f,Below 25,Owner
b1798b4f-d462-11ee-8482-128e718ba88f,35-45,Owner
b208a1fb-d461-11ee-8482-128e718ba88f,25-34,Owner
b37d4b5f-d460-11ee-8482-128e718ba88f,25-34,Owner
b3dac69d-d45d-11ee-8482-128e718ba88f,35-45,Owner
b3ed9f89-d45e-11ee-8482-128e718ba88f,35-45,Owner
b4066200-d45c-11ee-8482-128e718ba88f,25-34,Owner
b4c84ccc-d463-11ee-8482-128e718ba88f,35-45,Owner
b612afa5-d45f-11ee-8482-128e718ba88f,Below 25,Owner
b6415e3b-d462-11ee-8482-128e718ba88f,Below 25,Owner
b69e7773-d461-11ee-8482-128e718ba88f,35-45,Owner
b80f2b67-d460-11ee-8482-128e718ba88f,35-45,Owner
b88d9956-d45d-11ee-8482-128e718ba88f,46-50,Owner
b8a031cd-d45c-11ee-8482-128e718ba88f,25-34,Owner
b8b2d062-d45e-11ee-8482-128e718ba88f,25-34,Owner
b969748f-d463-11ee-8482-128e718ba88f,Above 50,Owner
bab1f5a1-d45f-11ee-8482-128e718ba88f,25-34,Owner
bad9b8c7-d462-11ee-8482-128e718ba88f,25-34,Owner
bb2b87cb-d461-11ee-8482-128e718ba88f,Above 50,Owner
bc9ef61a-d460-11ee-8482-128e718ba88f,25-34,Owner
bd255571-d45d-11ee-8482-128e718ba88f,25-34,Owner
bd45aca9-d45c-11ee-8482-128e718ba88f,NA,Owner
bd5887a2-d45e-11ee-8482-128e718ba88f,25-34,Owner
bdff78bf-d463-11ee-8482-128e718ba88f,Above 50,Owner
bf6ee185-d462-11ee-8482-128e718ba88f,25-34,Owner
bf7a876d-d45f-11ee-8482-128e718ba88f,25-34,Owner
c0fb3569-d461-11ee-8482-128e718ba88f,25-34,Owner
c1474cd8-d460-11ee-8482-128e718ba88f,25-34,Owner
c1e00f13-d45d-11ee-8482-128e718ba88f,35-45,Owner
c1e29204-d45c-11ee-8482-128e718ba88f,25-34,Owner
c1fafd3b-d45e-11ee-8482-128e718ba88f,35-45,Owner
c2a595c0-d463-11ee-8482-128e718ba88f,25-34,Owner
c40b2627-d462-11ee-8482-128e718ba88f,35-45,Owner
c47bea60-d45f-11ee-8482-128e718ba88f,35-45,Owner
c59a44cb-d461-11ee-8482-128e718ba88f,35-45,Owner
c5efa77b-d460-11ee-8482-128e718ba88f,NA,Owner
c6777600-d45d-11ee-8482-128e718ba88f,25-34,Owner
c6badd8e-d45e-11ee-8482-128e718ba88f,Below 25,Owner
c7cc7ff6-d45c-11ee-8482-128e718ba88f,35-45,Owner
c906af6a-d45f-11ee-8482-128e718ba88f,Below 25,Owner
c93eb540-d463-11ee-8482-128e718ba88f,35-45,Owner
ca4a8a32-d461-11ee-8482-128e718ba88f,35-45,Owner
ca9bf37a-d460-11ee-8482-128e718ba88f,35-45,Owner
cb211c6c-d45d-11ee-8482-128e718ba88f,35-45,Owner
cb4d1f14-d45e-11ee-8482-128e718ba88f,46-50,Owner
cc681660-d45c-11ee-8482-128e718ba88f,Above 50,Owner
cd88c862-d462-11ee-8482-128e718ba88f,46-50,Owner
cdb46557-d45f-11ee-8482-128e718ba88f,25-34,Owner
cdd228a1-d463-11ee-8482-128e718ba88f,25-34,Owner
cf00d0a1-d461-11ee-8482-128e718ba88f,25-34,Owner
cf5dab8d-d460-11ee-8482-128e718ba88f,25-34,Owner
cfc9b85a-d45d-11ee-8482-128e718ba88f,35-45,Owner
d115f020-d45c-11ee-8482-128e718ba88f,Above 50,Owner
d1539867-d45e-11ee-8482-128e718ba88f,25-34,Owner
d2351e74-d462-11ee-8482-128e718ba88f,46-50,Owner
d2562482-d45f-11ee-8482-128e718ba88f,46-50,Owner
d282965e-d463-11ee-8482-128e718ba88f,25-34,Owner
d40a3188-d460-11ee-8482-128e718ba88f,Below 25,Owner
d48be395-d45d-11ee-8482-128e718ba88f,Below 25,Owner
d5011b71-daa7-11ee-8482-128e718ba88f,NA,Owner
d5a8f28e-d45c-11ee-8482-128e718ba88f,25-34,Owner
d5fa9a5d-d45e-11ee-8482-128e718ba88f,25-34,Owner
d6e3c2ad-d462-11ee-8482-128e718ba88f,Above 50,Owner
d6f15745-d45f-11ee-8482-128e718ba88f,Below 25,Owner
d73a2185-d463-11ee-8482-128e718ba88f,35-45,Owner
d84dfe0a-dc39-11ee-8482-128e718ba88f,46-50,Owner
d8bfc51c-d460-11ee-8482-128e718ba88f,25-34,Owner
d8d8b76b-d461-11ee-8482-128e718ba88f,25-34,Owner
d948086a-d45d-11ee-8482-128e718ba88f,46-50,Owner
d9ca6b45-e02e-11ee-8482-128e718ba88f,35-45,Owner
da391f2b-d45c-11ee-8482-128e718ba88f,25-34,Owner
daa42bb4-d45e-11ee-8482-128e718ba88f,35-45,Owner
db814f4f-d45f-11ee-8482-128e718ba88f,Below 25,Owner
db96cd55-d462-11ee-8482-128e718ba88f,35-45,Owner
dbd33a0a-d463-11ee-8482-128e718ba88f,35-45,Owner
dd81150f-d461-11ee-8482-128e718ba88f,25-34,Owner
de0cd3fc-d45d-11ee-8482-128e718ba88f,25-34,Owner
debca5d7-d460-11ee-8482-128e718ba88f,25-34,Owner
df06a5fd-d45c-11ee-8482-128e718ba88f,35-45,Owner
df5c117f-d45e-11ee-8482-128e718ba88f,25-34,Owner
e0135e33-d45f-11ee-8482-128e718ba88f,35-45,Owner
e04cc58f-d462-11ee-8482-128e718ba88f,25-34,Owner
e06c3fd2-d463-11ee-8482-128e718ba88f,35-45,Owner
e226915c-d461-11ee-8482-128e718ba88f,35-45,Owner
e2a5bdc6-d45d-11ee-8482-128e718ba88f,46-50,Owner
e304518c-df61-11ee-8482-128e718ba88f,Above 50,Owner
e34febce-d460-11ee-8482-128e718ba88f,25-34,Owner
e3981eeb-d45c-11ee-8482-128e718ba88f,Above 50,Owner
e3fdeef3-d45e-11ee-8482-128e718ba88f,35-45,Owner
e4b46442-d45f-11ee-8482-128e718ba88f,25-34,Owner
e5316762-d463-11ee-8482-128e718ba88f,35-45,Owner
e6ce0285-d461-11ee-8482-128e718ba88f,Below 25,Owner
e779613a-d45d-11ee-8482-128e718ba88f,Below 25,Owner
e7f7e20f-d460-11ee-8482-128e718ba88f,25-34,Owner
e8307591-d45c-11ee-8482-128e718ba88f,25-34,Owner
e8a92147-d45e-11ee-8482-128e718ba88f,25-34,Owner
e960ce45-d45f-11ee-8482-128e718ba88f,Below 25,Owner
e9e225ed-d463-11ee-8482-128e718ba88f,46-50,Owner
eabceb8b-d462-11ee-8482-128e718ba88f,35-45,Owner
eb983b69-d461-11ee-8482-128e718ba88f,Below 25,Owner
ec20d71e-d45d-11ee-8482-128e718ba88f,Below 25,Owner
ec8d5aa1-d460-11ee-8482-128e718ba88f,25-34,Owner
ece23d3c-d45c-11ee-8482-128e718ba88f,Above 50,Owner
ed5b2a9f-d45e-11ee-8482-128e718ba88f,Below 25,Owner
edf53c30-d45f-11ee-8482-128e718ba88f,25-34,Owner
ee7cb6b3-d463-11ee-8482-128e718ba88f,25-34,Owner
ef53fcc6-d462-11ee-8482-128e718ba88f,25-34,Owner
f03350ec-d461-11ee-8482-128e718ba88f,25-34,Owner
f1218cfd-d460-11ee-8482-128e718ba88f,Below 25,Owner
f18ae925-d45c-11ee-8482-128e718ba88f,25-34,Owner
f20f8afa-d45d-11ee-8482-128e718ba88f,Below 25,Owner
f29d964f-d45f-11ee-8482-128e718ba88f,35-45,Owner
f335210e-d463-11ee-8482-128e718ba88f,35-45,Owner
f3e8cfeb-d462-11ee-8482-128e718ba88f,Below 25,Owner
f4c0d9e3-d461-11ee-8482-128e718ba88f,35-45,Owner
f5b1c90b-d460-11ee-8482-128e718ba88f,25-34,Owner
f689fc2f-d45e-11ee-8482-128e718ba88f,25-34,Owner
f6ab9c01-d45d-11ee-8482-128e718ba88f,Above 50,Owner
f757fec3-d45f-11ee-8482-128e718ba88f,Above 50,Owner
f7c7dd08-d463-11ee-8482-128e718ba88f,25-34,Owner
f89d5ec4-d462-11ee-8482-128e718ba88f,25-34,Owner
f96e0ebe-d461-11ee-8482-128e718ba88f,25-34,Owner
fa3ba634-daa6-11ee-8482-128e718ba88f,25-34,Owner
fa5941b0-d460-11ee-8482-128e718ba88f,Below 25,Owner
fb2a50ed-d45e-11ee-8482-128e718ba88f,25-34,Owner
fb75b92d-d45d-11ee-8482-128e718ba88f,25-34,Owner
fc621465-d463-11ee-8482-128e718ba88f,25-34,Owner
fd2dfe1c-d45f-11ee-8482-128e718ba88f,25-34,Owner
fd37046a-d462-11ee-8482-128e718ba88f,25-34,Owner
fe304693-d461-11ee-8482-128e718ba88f,25-34,Owner
fee8e810-d460-11ee-8482-128e718ba88f,25-34,Owner
ff52fc7e-d45c-11ee-8482-128e718ba88f,35-45,Owner
ffeaeff2-d45e-11ee-8482-128e718ba88f,25-34,Owner
00fd1031-d466-11ee-8482-128e718ba88f,Above 50,Rejector
01decfc5-d46a-11ee-8482-128e718ba88f,Above 50,Rejector
032991de-df73-11ee-8482-128e718ba88f,25-34,Rejector
0509a848-d467-11ee-8482-128e718ba88f,25-34,Rejector
0519f375-d469-11ee-8482-128e718ba88f,Below 25,Rejector
0568db8d-d468-11ee-8482-128e718ba88f,35-45,Rejector
0599ce2e-d466-11ee-8482-128e718ba88f,35-45,Rejector
068256a3-d46a-11ee-8482-128e718ba88f,25-34,Rejector
099cccb8-d467-11ee-8482-128e718ba88f,25-34,Rejector
09c9b0c7-d469-11ee-8482-128e718ba88f,35-45,Rejector
0a149721-d468-11ee-8482-128e718ba88f,Above 50,Rejector
0a4e5aeb-d466-11ee-8482-128e718ba88f,Below 25,Rejector
0b1a4b38-d46a-11ee-8482-128e718ba88f,25-34,Rejector
0e63343f-d467-11ee-8482-128e718ba88f,35-45,Rejector
0e99008e-d469-11ee-8482-128e718ba88f,Below 25,Rejector
0eb26271-d468-11ee-8482-128e718ba88f,NA,Rejector
0ef35d8b-d466-11ee-8482-128e718ba88f,25-34,Rejector
137828f9-d468-11ee-8482-128e718ba88f,25-34,Rejector
138cb2d0-d466-11ee-8482-128e718ba88f,25-34,Rejector
13e10491-d469-11ee-8482-128e718ba88f,NA,Rejector
147182ee-d46a-11ee-8482-128e718ba88f,25-34,Rejector
18332403-d466-11ee-8482-128e718ba88f,NA,Rejector
18bc1d3a-d467-11ee-8482-128e718ba88f,25-34,Rejector
190a2e9b-d46a-11ee-8482-128e718ba88f,Below 25,Rejector
1cd6fae1-d466-11ee-8482-128e718ba88f,Below 25,Rejector
1cdae36e-d468-11ee-8482-128e718ba88f,35-45,Rejector
1d742cb9-d467-11ee-8482-128e718ba88f,35-45,Rejector
1dacddb7-d46a-11ee-8482-128e718ba88f,Below 25,Rejector
1e42bd3a-d469-11ee-8482-128e718ba88f,25-34,Rejector
21756c72-d468-11ee-8482-128e718ba88f,35-45,Rejector
217aa87c-d466-11ee-8482-128e718ba88f,25-34,Rejector
22199b69-d467-11ee-8482-128e718ba88f,25-34,Rejector
260a29cd-d468-11ee-8482-128e718ba88f,35-45,Rejector
261cbfc7-d466-11ee-8482-128e718ba88f,25-34,Rejector
26baf3c0-d467-11ee-8482-128e718ba88f,NA,Rejector
26d68e2e-d46a-11ee-8482-128e718ba88f,25-34,Rejector
276c5e47-d469-11ee-8482-128e718ba88f,NA,Rejector
2ad6986f-d468-11ee-8482-128e718ba88f,25-34,Rejector
2add1094-d466-11ee-8482-128e718ba88f,25-34,Rejector
2b6d915a-d46a-11ee-8482-128e718ba88f,25-34,Rejector
2c0795c6-d469-11ee-8482-128e718ba88f,25-34,Rejector
2f7149b5-d466-11ee-8482-128e718ba88f,25-34,Rejector
2f873748-d468-11ee-8482-128e718ba88f,25-34,Rejector
3001315b-d467-11ee-8482-128e718ba88f,46-50,Rejector
3034a120-d46a-11ee-8482-128e718ba88f,Above 50,Rejector
340e336b-d466-11ee-8482-128e718ba88f,25-34,Rejector
345b6c1e-d468-11ee-8482-128e718ba88f,25-34,Rejector
34b6c9f3-d467-11ee-8482-128e718ba88f,25-34,Rejector
34c4b0dd-d46a-11ee-8482-128e718ba88f,25-34,Rejector
3537ef51-d469-11ee-8482-128e718ba88f,35-45,Rejector
3903dfc2-d468-11ee-8482-128e718ba88f,35-45,Rejector
39f9da71-d466-11ee-8482-128e718ba88f,35-45,Rejector
3e189285-d46a-11ee-8482-128e718ba88f,Below 25,Rejector
3e26a81a-d467-11ee-8482-128e718ba88f,35-45,Rejector
3e73348f-d469-11ee-8482-128e718ba88f,35-45,Rejector
3eb9fd6f-d466-11ee-8482-128e718ba88f,Above 50,Rejector
42bb4432-d467-11ee-8482-128e718ba88f,25-34,Rejector
42f94b69-d46a-11ee-8482-128e718ba88f,Below 25,Rejector
42fece40-d469-11ee-8482-128e718ba88f,35-45,Rejector
4362def1-d466-11ee-8482-128e718ba88f,25-34,Rejector
43a2a4d9-d468-11ee-8482-128e718ba88f,25-34,Rejector
4765ec94-d467-11ee-8482-128e718ba88f,25-34,Rejector
478ee068-d469-11ee-8482-128e718ba88f,25-34,Rejector
48038aad-d466-11ee-8482-128e718ba88f,25-34,Rejector
484ac15b-d468-11ee-8482-128e718ba88f,35-45,Rejector
4bfd2b3b-d467-11ee-8482-128e718ba88f,25-34,Rejector
4c224345-d469-11ee-8482-128e718ba88f,Below 25,Rejector
4cafdc67-d466-11ee-8482-128e718ba88f,35-45,Rejector
4cfb8a43-d468-11ee-8482-128e718ba88f,35-45,Rejector
509b8424-d467-11ee-8482-128e718ba88f,35-45,Rejector
50ce2cc3-d469-11ee-8482-128e718ba88f,25-34,Rejector
514ea780-d466-11ee-8482-128e718ba88f,25-34,Rejector
518faf0a-d468-11ee-8482-128e718ba88f,Below 25,Rejector
5220c848-d46a-11ee-8482-128e718ba88f,25-34,Rejector
55499dea-d467-11ee-8482-128e718ba88f,35-45,Rejector
557525d0-d469-11ee-8482-128e718ba88f,25-34,Rejector
56451e38-d468-11ee-8482-128e718ba88f,Below 25,Rejector
56b7261b-d46a-11ee-8482-128e718ba88f,25-34,Rejector
59dc8bb4-d467-11ee-8482-128e718ba88f,25-34,Rejector
5a0d2f1a-d469-11ee-8482-128e718ba88f,35-45,Rejector
5adf5abc-d468-11ee-8482-128e718ba88f,NA,Rejector
5b030568-d466-11ee-8482-128e718ba88f,35-45,Rejector
5b541983-d46a-11ee-8482-128e718ba88f,35-45,Rejector
5eb4c369-d469-11ee-8482-128e718ba88f,35-45,Rejector
5fbd2a40-d466-11ee-8482-128e718ba88f,25-34,Rejector
5ffab958-d46a-11ee-8482-128e718ba88f,25-34,Rejector
60400b29-d467-11ee-8482-128e718ba88f,35-45,Rejector
62e3e33c-d465-11ee-8482-128e718ba88f,25-34,Rejector
63a4bce2-d469-11ee-8482-128e718ba88f,35-45,Rejector
6457fcc4-d466-11ee-8482-128e718ba88f,Below 25,Rejector
64b0809d-d46a-11ee-8482-128e718ba88f,25-34,Rejector
6794c09d-d465-11ee-8482-128e718ba88f,25-34,Rejector
69042497-d466-11ee-8482-128e718ba88f,35-45,Rejector
695114ec-d46a-11ee-8482-128e718ba88f,25-34,Rejector
6976bec4-d469-11ee-8482-128e718ba88f,25-34,Rejector
69955687-d467-11ee-8482-128e718ba88f,25-34,Rejector
6c3f421a-d465-11ee-8482-128e718ba88f,25-34,Rejector
6dc2c241-d468-11ee-8482-128e718ba88f,25-34,Rejector
6de86b42-d466-11ee-8482-128e718ba88f,25-34,Rejector
6dfb8b30-d46a-11ee-8482-128e718ba88f,Below 25,Rejector
6e0f4ac4-d469-11ee-8482-128e718ba88f,NA,Rejector
6e2e55bb-d467-11ee-8482-128e718ba88f,35-45,Rejector
70fdb2c5-d465-11ee-8482-128e718ba88f,25-34,Rejector
7272d2d2-d468-11ee-8482-128e718ba88f,46-50,Rejector
72825f26-d466-11ee-8482-128e718ba88f,NA,Rejector
7296ed59-d46a-11ee-8482-128e718ba88f,NA,Rejector
72c6427c-d467-11ee-8482-128e718ba88f,Below 25,Rejector
758fcd76-d465-11ee-8482-128e718ba88f,35-45,Rejector
771510ae-d468-11ee-8482-128e718ba88f,25-34,Rejector
774499b0-d46a-11ee-8482-128e718ba88f,NA,Rejector
7749ae28-d469-11ee-8482-128e718ba88f,35-45,Rejector
7a5275a5-d465-11ee-8482-128e718ba88f,NA,Rejector
7beb6bf3-d46a-11ee-8482-128e718ba88f,35-45,Rejector
7c03bb01-d469-11ee-8482-128e718ba88f,35-45,Rejector
7c4e821a-d467-11ee-8482-128e718ba88f,25-34,Rejector
7efcede8-d465-11ee-8482-128e718ba88f,35-45,Rejector
80503034-d468-11ee-8482-128e718ba88f,25-34,Rejector
808f2ee9-d46a-11ee-8482-128e718ba88f,35-45,Rejector
80a2c830-d469-11ee-8482-128e718ba88f,25-34,Rejector
80f24f4f-d467-11ee-8482-128e718ba88f,35-45,Rejector
81a987fd-d466-11ee-8482-128e718ba88f,25-34,Rejector
83aa9815-d465-11ee-8482-128e718ba88f,25-34,Rejector
85060b15-d468-11ee-8482-128e718ba88f,25-34,Rejector
853fff57-d46a-11ee-8482-128e718ba88f,Below 25,Rejector
8551ecc5-d469-11ee-8482-128e718ba88f,35-45,Rejector
85857901-d467-11ee-8482-128e718ba88f,Below 25,Rejector
863fb9b5-d466-11ee-8482-128e718ba88f,35-45,Rejector
88416e9a-d465-11ee-8482-128e718ba88f,25-34,Rejector
89ec9716-d46a-11ee-8482-128e718ba88f,Below 25,Rejector
89fb3f50-d469-11ee-8482-128e718ba88f,25-34,Rejector
8a1b2696-d467-11ee-8482-128e718ba88f,25-34,Rejector
8ad2f8e0-d466-11ee-8482-128e718ba88f,NA,Rejector
8adae556-d468-11ee-8482-128e718ba88f,Below 25,Rejector
8cd1e469-d465-11ee-8482-128e718ba88f,25-34,Rejector
8ea88593-d46a-11ee-8482-128e718ba88f,35-45,Rejector
8ee11fb9-d467-11ee-8482-128e718ba88f,Below 25,Rejector
8f69350e-d466-11ee-8482-128e718ba88f,25-34,Rejector
938554a3-d467-11ee-8482-128e718ba88f,Below 25,Rejector
93928782-d469-11ee-8482-128e718ba88f,NA,Rejector
9411526b-d466-11ee-8482-128e718ba88f,35-45,Rejector
942d8751-d468-11ee-8482-128e718ba88f,25-34,Rejector
948e1a2d-d46a-11ee-8482-128e718ba88f,25-34,Rejector
962a7948-d465-11ee-8482-128e718ba88f,Below 25,Rejector
98342423-d467-11ee-8482-128e718ba88f,35-45,Rejector
984f48e5-d469-11ee-8482-128e718ba88f,35-45,Rejector
98b6b4eb-d466-11ee-8482-128e718ba88f,25-34,Rejector
98d81629-d468-11ee-8482-128e718ba88f,25-34,Rejector
9ae7b082-d465-11ee-8482-128e718ba88f,25-34,Rejector
9cd7b4bc-d467-11ee-8482-128e718ba88f,35-45,Rejector
9ceb2858-d469-11ee-8482-128e718ba88f,Below 25,Rejector
9d5fa6d8-d466-11ee-8482-128e718ba88f,25-34,Rejector
9d755bc0-d468-11ee-8482-128e718ba88f,25-34,Rejector
9dc7e9e8-d46a-11ee-8482-128e718ba88f,35-45,Rejector
a17a3de4-d467-11ee-8482-128e718ba88f,35-45,Rejector
a1856afc-d469-11ee-8482-128e718ba88f,Below 25,Rejector
a209e843-d468-11ee-8482-128e718ba88f,NA,Rejector
a27b0224-d46a-11ee-8482-128e718ba88f,35-45,Rejector
a60e0724-d467-11ee-8482-128e718ba88f,25-34,Rejector
a6b55e4d-d468-11ee-8482-128e718ba88f,35-45,Rejector
a7a20562-d46a-11ee-8482-128e718ba88f,25-34,Rejector
aa50a642-d465-11ee-8482-128e718ba88f,35-45,Rejector
ab4bd3fe-d469-11ee-8482-128e718ba88f,25-34,Rejector
ab90a00d-d466-11ee-8482-128e718ba88f,25-34,Rejector
ab920cf1-d468-11ee-8482-128e718ba88f,Below 25,Rejector
abe8ddf8-d467-11ee-8482-128e718ba88f,25-34,Rejector
ac40e329-d46a-11ee-8482-128e718ba88f,NA,Rejector
af0591e1-d465-11ee-8482-128e718ba88f,35-45,Rejector
b02755f5-d468-11ee-8482-128e718ba88f,25-34,Rejector
b051a170-d466-11ee-8482-128e718ba88f,NA,Rejector
b07ca52e-d467-11ee-8482-128e718ba88f,25-34,Rejector
b11c3526-d469-11ee-8482-128e718ba88f,25-34,Rejector
b3a41dce-d465-11ee-8482-128e718ba88f,25-34,Rejector
b4ec029d-d466-11ee-8482-128e718ba88f,25-34,Rejector
b51e1099-d467-11ee-8482-128e718ba88f,35-45,Rejector
b584a9d7-d46a-11ee-8482-128e718ba88f,35-45,Rejector
b86cf97e-d465-11ee-8482-128e718ba88f,35-45,Rejector
b964fb76-d468-11ee-8482-128e718ba88f,35-45,Rejector
b981093d-d466-11ee-8482-128e718ba88f,Below 25,Rejector
b9c19b21-d467-11ee-8482-128e718ba88f,25-34,Rejector
ba21c477-d46a-11ee-8482-128e718ba88f,25-34,Rejector
ba6e2287-d469-11ee-8482-128e718ba88f,25-34,Rejector
bd2b86f4-d465-11ee-8482-128e718ba88f,NA,Rejector
be136cfe-d468-11ee-8482-128e718ba88f,25-34,Rejector
be2ed0d2-d466-11ee-8482-128e718ba88f,25-34,Rejector
be5661ce-d467-11ee-8482-128e718ba88f,25-34,Rejector
bebbc5a6-d46a-11ee-8482-128e718ba88f,NA,Rejector
c2abf736-d468-11ee-8482-128e718ba88f,Below 25,Rejector
c2feded8-d467-11ee-8482-128e718ba88f,Below 25,Rejector
c368b811-d46a-11ee-8482-128e718ba88f,NA,Rejector
c681794e-d465-11ee-8482-128e718ba88f,35-45,Rejector
c752775c-d468-11ee-8482-128e718ba88f,25-34,Rejector
c889e3fa-d469-11ee-8482-128e718ba88f,Below 25,Rejector
cbefc548-d468-11ee-8482-128e718ba88f,35-45,Rejector
cc580d57-d467-11ee-8482-128e718ba88f,25-34,Rejector
cd29cad6-d469-11ee-8482-128e718ba88f,25-34,Rejector
cd3a80e3-d466-11ee-8482-128e718ba88f,25-34,Rejector
d0866aa0-d465-11ee-8482-128e718ba88f,35-45,Rejector
d0b40f65-d468-11ee-8482-128e718ba88f,35-45,Rejector
d146daa4-d46a-11ee-8482-128e718ba88f,Below 25,Rejector
d1cc8daf-d469-11ee-8482-128e718ba88f,25-34,Rejector
d1cf2036-d466-11ee-8482-128e718ba88f,25-34,Rejector
d519a3b8-d465-11ee-8482-128e718ba88f,35-45,Rejector
d69443a9-d468-11ee-8482-128e718ba88f,NA,Rejector
d69eea55-d466-11ee-8482-128e718ba88f,35-45,Rejector
d9ad5701-d465-11ee-8482-128e718ba88f,25-34,Rejector
da898eec-d46a-11ee-8482-128e718ba88f,25-34,Rejector
db51800e-d468-11ee-8482-128e718ba88f,25-34,Rejector
db5b6e38-d466-11ee-8482-128e718ba88f,25-34,Rejector
df182770-d467-11ee-8482-128e718ba88f,25-34,Rejector
dfb4f5c9-d469-11ee-8482-128e718ba88f,Below 25,Rejector
dfe6a7f3-d468-11ee-8482-128e718ba88f,25-34,Rejector
e00b4f41-d466-11ee-8482-128e718ba88f,Below 25,Rejector
e05e67ab-d46a-11ee-8482-128e718ba88f,NA,Rejector
e31b2e2f-d465-11ee-8482-128e718ba88f,25-34,Rejector
e3bbeb18-d467-11ee-8482-128e718ba88f,35-45,Rejector
e4747c17-d469-11ee-8482-128e718ba88f,Below 25,Rejector
e487c89c-d468-11ee-8482-128e718ba88f,Below 25,Rejector
e4a571ef-d466-11ee-8482-128e718ba88f,35-45,Rejector
e7c737c1-d465-11ee-8482-128e718ba88f,35-45,Rejector
ec665334-d465-11ee-8482-128e718ba88f,25-34,Rejector
ecf4ace2-d467-11ee-8482-128e718ba88f,25-34,Rejector
edb7f891-d469-11ee-8482-128e718ba88f,35-45,Rejector
edbd2c8e-d468-11ee-8482-128e718ba88f,35-45,Rejector
edddce39-d466-11ee-8482-128e718ba88f,Below 25,Rejector
f19026b6-d467-11ee-8482-128e718ba88f,25-34,Rejector
f23f3788-d465-11ee-8482-128e718ba88f,25-34,Rejector
f2780d50-d469-11ee-8482-128e718ba88f,35-45,Rejector
f290ab8c-d466-11ee-8482-128e718ba88f,35-45,Rejector
f70e070f-d468-11ee-8482-128e718ba88f,25-34,Rejector
f7261734-d466-11ee-8482-128e718ba88f,35-45,Rejector
f7781cc3-d467-11ee-8482-128e718ba88f,25-34,Rejector
f781af54-d465-11ee-8482-128e718ba88f,35-45,Rejector
fbb8e2d3-d468-11ee-8482-128e718ba88f,Above 50,Rejector
fbd0ca7d-d466-11ee-8482-128e718ba88f,25-34,Rejector
fc2bce87-d467-11ee-8482-128e718ba88f,Below 25,Rejector
fc3b09c3-d465-11ee-8482-128e718ba88f,Below 25,Rejector
fd339b8a-d469-11ee-8482-128e718ba88f,35-45,Rejector
0030b069-d45e-11ee-8482-128e718ba88f,25-34,Total